parent_original,parent_archive_url,parent_content_year,parent_issue_numbers,kind,media_original
http://www.qlsn.com/bbs/bokeindex.asp?show_topic.3.31.html,https://web.archive.org/web/20061219091825id_/http://www.qlsn.com/bbs/bokeindex.asp?show_topic.3.31.html,,,img,http://www.qlsn.com/bbs/boke/Images/boke_logo.gif
http://www.qlsn.com/bbs/bokeindex.asp?show_topic.3.30.html,https://web.archive.org/web/20061219091512id_/http://www.qlsn.com/bbs/bokeindex.asp?show_topic.3.30.html,,,img,http://www.qlsn.com/bbs/boke/Images/boke_logo.gif
http://www.qlsn.com/bbs/bokeindex.asp?show_topic.3.28.html,https://web.archive.org/web/20061223051935id_/http://www.qlsn.com/bbs/bokeindex.asp?show_topic.3.28.html,,,img,http://www.qlsn.com/bbs/boke/Images/boke_logo.gif
http://www.qlsn.com/bbs/bokeindex.asp?show_topic.3.html,https://web.archive.org/web/20061215124120id_/http://www.qlsn.com/bbs/bokeindex.asp?show_topic.3.html,,,img,http://www.qlsn.com/bbs/boke/Images/boke_logo.gif
http://www.qlsn.com/bbs/bokeindex.asp?show_topic.3.32.html,https://web.archive.org/web/20061219091648id_/http://www.qlsn.com/bbs/bokeindex.asp?show_topic.3.32.html,,,img,http://www.qlsn.com/bbs/boke/Images/boke_logo.gif
http://www.qlsn.com/bbs/bokeindex.asp?show_topic.4.17.html,https://web.archive.org/web/20061223051722id_/http://www.qlsn.com/bbs/bokeindex.asp?show_topic.4.17.html,,,img,http://www.qlsn.com/bbs/boke/Images/boke_logo.gif
http://www.qlsn.com/bbs/bokeindex.asp?show_topic.4.0,https://web.archive.org/web/20061223051512id_/http://www.qlsn.com/bbs/bokeindex.asp?show_topic.4.0,,,img,http://www.qlsn.com/bbs/boke/Images/boke_logo.gif
http://www.qlsn.com/bbs/bokeindex.asp?show_topic.3.29.html,https://web.archive.org/web/20061223052205id_/http://www.qlsn.com/bbs/bokeindex.asp?show_topic.3.29.html,,,img,http://www.qlsn.com/bbs/boke/Images/boke_logo.gif
http://www.qlsn.com/bbs/bokeindex.asp?show_topic.4.18.html,https://web.archive.org/web/20061223052532id_/http://www.qlsn.com/bbs/bokeindex.asp?show_topic.4.18.html,,,img,http://www.qlsn.com/bbs/boke/Images/boke_logo.gif
http://www.qlsn.com/bbs/bokeindex.asp?show_topic.4.23.html,https://web.archive.org/web/20061223052244id_/http://www.qlsn.com/bbs/bokeindex.asp?show_topic.4.23.html,,,img,http://www.qlsn.com/bbs/boke/Images/boke_logo.gif
http://www.qlsn.com/bbs/bokeindex.asp?show_topic.4.19.html,https://web.archive.org/web/20061223051953id_/http://www.qlsn.com/bbs/bokeindex.asp?show_topic.4.19.html,,,img,http://www.qlsn.com/bbs/boke/Images/boke_logo.gif
http://www.qlsn.com/bbs/bokeindex.asp?show_topic.4.24.html,https://web.archive.org/web/20061223052520id_/http://www.qlsn.com/bbs/bokeindex.asp?show_topic.4.24.html,,,img,http://www.qlsn.com/bbs/boke/Images/boke_logo.gif
http://www.qlsn.com/bbs/bokeindex.asp?show_topic.4.25.html,https://web.archive.org/web/20061223051910id_/http://www.qlsn.com/bbs/bokeindex.asp?show_topic.4.25.html,,,img,http://www.qlsn.com/bbs/boke/Images/boke_logo.gif
http://www.qlsn.com/bbs/bokeindex.asp?show_topic.4.22.html,https://web.archive.org/web/20061219091522id_/http://www.qlsn.com/bbs/bokeindex.asp?show_topic.4.22.html,,,img,http://www.qlsn.com/bbs/boke/Images/boke_logo.gif
http://www.qlsn.com/bbs/bokeindex.asp?show_topic.4.28.html,https://web.archive.org/web/20061223052259id_/http://www.qlsn.com/bbs/bokeindex.asp?show_topic.4.28.html,,,img,http://www.qlsn.com/bbs/boke/Images/boke_logo.gif
http://www.qlsn.com/bbs/bokeindex.asp?show_topic.4.31.html,https://web.archive.org/web/20061223052508id_/http://www.qlsn.com/bbs/bokeindex.asp?show_topic.4.31.html,,,img,http://www.qlsn.com/bbs/boke/Images/boke_logo.gif
http://www.qlsn.com/bbs/bokeindex.asp?show_topic.4.27.html,https://web.archive.org/web/20061223052544id_/http://www.qlsn.com/bbs/bokeindex.asp?show_topic.4.27.html,,,img,http://www.qlsn.com/bbs/boke/Images/boke_logo.gif
http://www.qlsn.com/bbs/bokeindex.asp?show_topic.4.29.html,https://web.archive.org/web/20061223052335id_/http://www.qlsn.com/bbs/bokeindex.asp?show_topic.4.29.html,,,img,http://www.qlsn.com/bbs/boke/Images/boke_logo.gif
http://www.qlsn.com/bbs/bokeindex.asp?show_topic.4.32.html,https://web.archive.org/web/20061219091229id_/http://www.qlsn.com/bbs/bokeindex.asp?show_topic.4.32.html,,,img,http://www.qlsn.com/bbs/boke/Images/boke_logo.gif
http://www.qlsn.com/bbs/bokeindex.asp?show_topic.4.21.html,https://web.archive.org/web/20061223052230id_/http://www.qlsn.com/bbs/bokeindex.asp?show_topic.4.21.html,,,img,http://www.qlsn.com/bbs/boke/Images/boke_logo.gif
http://www.qlsn.com/bbs/bokeindex.asp?show_topic.4.26.html,https://web.archive.org/web/20061223052118id_/http://www.qlsn.com/bbs/bokeindex.asp?show_topic.4.26.html,,,img,http://www.qlsn.com/bbs/boke/Images/boke_logo.gif
http://www.qlsn.com/bbs/bokeindex.asp?show_user.html,https://web.archive.org/web/20061216083705/http://www.qlsn.com/bbs/bokeindex.asp?show_user.html,2006,,img,http://www.qlsn.com/bbs/Boke/Skins/Default/images/subject_left.gif
http://www.qlsn.com/bbs/bokeindex.asp?show_user.html,https://web.archive.org/web/20061216083705/http://www.qlsn.com/bbs/bokeindex.asp?show_user.html,2006,,img,http://www.qlsn.com/bbs/Boke/Skins/Default/images/subject_right.gif
http://www.qlsn.com/bbs/bokeindex.asp?show_user.html,https://web.archive.org/web/20061216083705/http://www.qlsn.com/bbs/bokeindex.asp?show_user.html,2006,,img,http://www.qlsn.com/bbs/boke/Images/boke_logo.gif
http://www.qlsn.com/bbs/bokeindex.asp?show_topic.html,https://web.archive.org/web/20061216084238if_/http://www.qlsn.com/bbs/bokeindex.asp?show_topic.html,2006,,img,http://www.qlsn.com/bbs/boke/Images/boke_logo.gif
http://www.qlsn.com/sdbook/index.asp?action=Add_New&forumid=1&fn=0,https://web.archive.org/web/20110919001111id_/http://www.qlsn.com/sdbook/index.asp?action=Add_New&forumid=1&fn=0,2009,,img,http://www.qlsn.com/sdbook/img/1/logo.gif
http://www.qlsn.com/sdbook/index.asp?action=Add_New&forumid=1&fn=0,https://web.archive.org/web/20110919001111id_/http://www.qlsn.com/sdbook/index.asp?action=Add_New&forumid=1&fn=0,2009,,img,http://www.qlsn.com/sdbook/img/1/banner.gif
http://www.qlsn.com/sdbook/index.asp?action=Add_New&forumid=1&fn=0,https://web.archive.org/web/20110919001111id_/http://www.qlsn.com/sdbook/index.asp?action=Add_New&forumid=1&fn=0,2009,,img,http://www.qlsn.com/sdbook/img/1/right_logo.gif
http://www.qlsn.com/sdbook/index.asp?action=Add_New&forumid=1&fn=0,https://web.archive.org/web/20110919001111id_/http://www.qlsn.com/sdbook/index.asp?action=Add_New&forumid=1&fn=0,2009,,img,http://www.qlsn.com/sdbook/img/1/rss.gif
http://www.qlsn.com/sdbook/index.asp?action=Add_New&forumid=1&fn=0,https://web.archive.org/web/20110919001111id_/http://www.qlsn.com/sdbook/index.asp?action=Add_New&forumid=1&fn=0,2009,,img,http://www.qlsn.com/sdbook/img/1/Forum_nav.gif
http://www.qlsn.com/sdbook/index.asp?action=Add_New&forumid=1&fn=0,https://web.archive.org/web/20110919001111id_/http://www.qlsn.com/sdbook/index.asp?action=Add_New&forumid=1&fn=0,2009,,img,http://www.qlsn.com/sdbook/img/1/post.gif
http://www.qlsn.com/bbs/bokeindex.asp?show_topic.5.html,https://web.archive.org/web/20061216083421/http://www.qlsn.com/bbs/bokeindex.asp?show_topic.5.html,2006,,img,http://www.qlsn.com/bbs/Boke/UploadFile/190/2006-6/20066216571591124.jpg
http://www.qlsn.com/bbs/bokeindex.asp?show_topic.5.html,https://web.archive.org/web/20061216083421/http://www.qlsn.com/bbs/bokeindex.asp?show_topic.5.html,2006,,img,http://www.qlsn.com/bbs/Boke/UploadFile/190/2006-6/2006621655177900.jpg
http://www.qlsn.com/bbs/bokeindex.asp?show_topic.5.html,https://web.archive.org/web/20061216083421/http://www.qlsn.com/bbs/bokeindex.asp?show_topic.5.html,2006,,img,http://www.qlsn.com/bbs/Boke/UploadFile/190/2006-6/20066216544044370.jpg
http://www.qlsn.com/bbs/bokeindex.asp?show_topic.5.html,https://web.archive.org/web/20061216083421/http://www.qlsn.com/bbs/bokeindex.asp?show_topic.5.html,2006,,img,http://www.qlsn.com/bbs/Boke/UploadFile/190/2006-6/20066216535968595.jpg
http://www.qlsn.com/bbs/bokeindex.asp?show_topic.5.html,https://web.archive.org/web/20061216083421/http://www.qlsn.com/bbs/bokeindex.asp?show_topic.5.html,2006,,img,http://www.qlsn.com/bbs/Boke/UploadFile/190/2006-6/20066216535193330.jpg
http://www.qlsn.com/bbs/bokeindex.asp?show_topic.5.html,https://web.archive.org/web/20061216083421/http://www.qlsn.com/bbs/bokeindex.asp?show_topic.5.html,2006,,img,http://www.qlsn.com/bbs/Boke/UploadFile/190/2006-6/20066216483893917.gif
http://www.qlsn.com/bbs/bokeindex.asp?show_topic.5.html,https://web.archive.org/web/20061216083421/http://www.qlsn.com/bbs/bokeindex.asp?show_topic.5.html,2006,,img,http://www.qlsn.com/bbs/boke/Images/boke_logo.gif
http://www.qlsn.com/sdbook/index.asp?action=forget_pw&forumid=1,https://web.archive.org/web/20110918082604id_/http://www.qlsn.com/sdbook/index.asp?action=forget_pw&forumid=1,2009,,img,http://www.qlsn.com/sdbook/img/1/logo.gif
http://www.qlsn.com/sdbook/index.asp?action=forget_pw&forumid=1,https://web.archive.org/web/20110918082604id_/http://www.qlsn.com/sdbook/index.asp?action=forget_pw&forumid=1,2009,,img,http://www.qlsn.com/sdbook/img/1/banner.gif
http://www.qlsn.com/sdbook/index.asp?action=forget_pw&forumid=1,https://web.archive.org/web/20110918082604id_/http://www.qlsn.com/sdbook/index.asp?action=forget_pw&forumid=1,2009,,img,http://www.qlsn.com/sdbook/img/1/right_logo.gif
http://www.qlsn.com/sdbook/index.asp?action=forget_pw&forumid=1,https://web.archive.org/web/20110918082604id_/http://www.qlsn.com/sdbook/index.asp?action=forget_pw&forumid=1,2009,,img,http://www.qlsn.com/sdbook/img/1/rss.gif
http://www.qlsn.com/sdbook/index.asp?action=forget_pw&forumid=1,https://web.archive.org/web/20110918082604id_/http://www.qlsn.com/sdbook/index.asp?action=forget_pw&forumid=1,2009,,img,http://www.qlsn.com/sdbook/img/1/Forum_nav.gif
http://www.qlsn.com/sdbook/index.asp?action=forget_pw&forumid=1,https://web.archive.org/web/20110918082604id_/http://www.qlsn.com/sdbook/index.asp?action=forget_pw&forumid=1,2009,,img,http://www.qlsn.com/sdbook/img/1/post.gif
http://www.qlsn.com/sdbook/index.asp?,http://web.archive.org/web/20110529092430id_/http://www.qlsn.com:80/sdbook/index.asp?,2009,,img,http://www.qlsn.com/sdbook/img/1/logo.gif
http://www.qlsn.com/sdbook/index.asp?,http://web.archive.org/web/20110529092430id_/http://www.qlsn.com:80/sdbook/index.asp?,2009,,img,http://www.qlsn.com/sdbook/img/1/banner.gif
http://www.qlsn.com/sdbook/index.asp?,http://web.archive.org/web/20110529092430id_/http://www.qlsn.com:80/sdbook/index.asp?,2009,,img,http://www.qlsn.com/sdbook/img/1/right_logo.gif
http://www.qlsn.com/sdbook/index.asp?,http://web.archive.org/web/20110529092430id_/http://www.qlsn.com:80/sdbook/index.asp?,2009,,img,http://www.qlsn.com/sdbook/img/1/rss.gif
http://www.qlsn.com/sdbook/index.asp?,http://web.archive.org/web/20110529092430id_/http://www.qlsn.com:80/sdbook/index.asp?,2009,,img,http://www.qlsn.com/sdbook/img/1/Forum_nav.gif
http://www.qlsn.com/sdbook/index.asp?,http://web.archive.org/web/20110529092430id_/http://www.qlsn.com:80/sdbook/index.asp?,2009,,img,http://www.qlsn.com/sdbook/img/1/post.gif
http://www.qlsn.com/sdbook/index.asp?,http://web.archive.org/web/20110529092430id_/http://www.qlsn.com:80/sdbook/index.asp?,2009,,img,http://www.qlsn.com/sdbook/img/1/p1.gif
http://www.qlsn.com/sdbook/index.asp?,http://web.archive.org/web/20110529092430id_/http://www.qlsn.com:80/sdbook/index.asp?,2009,,img,http://www.qlsn.com/sdbook/img/1/p2.gif
http://www.qlsn.com/sdbook/index.asp?,http://web.archive.org/web/20110529092430id_/http://www.qlsn.com:80/sdbook/index.asp?,2009,,img,http://www.qlsn.com/sdbook/img/1/p3.gif
http://www.qlsn.com/sdbook/index.asp?,http://web.archive.org/web/20110529092430id_/http://www.qlsn.com:80/sdbook/index.asp?,2009,,img,http://www.qlsn.com/sdbook/img/1/p4.gif
http://www.qlsn.com/sdbook/index.asp?,http://web.archive.org/web/20110529092430id_/http://www.qlsn.com:80/sdbook/index.asp?,2009,,img,http://www.qlsn.com/sdbook/img/1/T_left.gif
http://www.qlsn.com/sdbook/index.asp?,http://web.archive.org/web/20110529092430id_/http://www.qlsn.com:80/sdbook/index.asp?,2009,,img,http://www.qlsn.com/sdbook/img/1/T_right.gif
http://www.qlsn.com/sdbook/index.asp?,http://web.archive.org/web/20110529092430id_/http://www.qlsn.com:80/sdbook/index.asp?,2009,,img,http://www.qlsn.com/sdbook/img/1/jd-to.gif
http://www.qlsn.com/sdbook/index.asp?,http://web.archive.org/web/20110529092430id_/http://www.qlsn.com:80/sdbook/index.asp?,2009,,img,http://www.qlsn.com/sdbook/img/1/plus.gif
http://www.qlsn.com/sdbook/index.asp?,http://web.archive.org/web/20110529092430id_/http://www.qlsn.com:80/sdbook/index.asp?,2009,,img,http://www.qlsn.com/sdbook/img/1/nofollow.gif
http://www.qlsn.com/sdbook/index.asp?,http://web.archive.org/web/20110529092430id_/http://www.qlsn.com:80/sdbook/index.asp?,2009,,img,http://www.qlsn.com/sdbook/img/1/hot.gif
http://www.qlsn.com/sdbook/index.asp?,http://web.archive.org/web/20110529092430id_/http://www.qlsn.com:80/sdbook/index.asp?,2009,,img,http://www.qlsn.com/sdbook/img/1/jd-to.gif
http://www.qlsn.com/sdbook/index.asp?,http://web.archive.org/web/20110529092430id_/http://www.qlsn.com:80/sdbook/index.asp?,2009,,img,http://www.qlsn.com/sdbook/img/1/plus.gif
http://www.qlsn.com/sdbook/index.asp?,http://web.archive.org/web/20110529092430id_/http://www.qlsn.com:80/sdbook/index.asp?,2009,,img,http://www.qlsn.com/sdbook/img/1/nofollow.gif
http://www.qlsn.com/sdbook/index.asp?,http://web.archive.org/web/20110529092430id_/http://www.qlsn.com:80/sdbook/index.asp?,2009,,img,http://www.qlsn.com/sdbook/img/1/hot.gif
http://www.qlsn.com/sdbook/index.asp?,http://web.archive.org/web/20110529092430id_/http://www.qlsn.com:80/sdbook/index.asp?,2009,,img,http://www.qlsn.com/sdbook/img/1/jd-to.gif
http://www.qlsn.com/sdbook/index.asp?,http://web.archive.org/web/20110529092430id_/http://www.qlsn.com:80/sdbook/index.asp?,2009,,img,http://www.qlsn.com/sdbook/img/1/plus.gif
http://www.qlsn.com/sdbook/index.asp?,http://web.archive.org/web/20110529092430id_/http://www.qlsn.com:80/sdbook/index.asp?,2009,,img,http://www.qlsn.com/sdbook/img/1/nofollow.gif
http://www.qlsn.com/sdbook/index.asp?,http://web.archive.org/web/20110529092430id_/http://www.qlsn.com:80/sdbook/index.asp?,2009,,img,http://www.qlsn.com/sdbook/img/1/hot.gif
http://www.qlsn.com/sdbook/index.asp?,http://web.archive.org/web/20110529092430id_/http://www.qlsn.com:80/sdbook/index.asp?,2009,,img,http://www.qlsn.com/sdbook/img/1/jd-to.gif
http://www.qlsn.com/sdbook/index.asp?,http://web.archive.org/web/20110529092430id_/http://www.qlsn.com:80/sdbook/index.asp?,2009,,img,http://www.qlsn.com/sdbook/img/1/plus.gif
http://www.qlsn.com/sdbook/index.asp?,http://web.archive.org/web/20110529092430id_/http://www.qlsn.com:80/sdbook/index.asp?,2009,,img,http://www.qlsn.com/sdbook/img/1/nofollow.gif
http://www.qlsn.com/sdbook/index.asp?,http://web.archive.org/web/20110529092430id_/http://www.qlsn.com:80/sdbook/index.asp?,2009,,img,http://www.qlsn.com/sdbook/img/1/hot.gif
http://www.qlsn.com/sdbook/index.asp?,http://web.archive.org/web/20110529092430id_/http://www.qlsn.com:80/sdbook/index.asp?,2009,,img,http://www.qlsn.com/sdbook/img/1/jd-to.gif
http://www.qlsn.com/sdbook/index.asp?,http://web.archive.org/web/20110529092430id_/http://www.qlsn.com:80/sdbook/index.asp?,2009,,img,http://www.qlsn.com/sdbook/img/1/nofollow.gif
http://www.qlsn.com/sdbook/index.asp?,http://web.archive.org/web/20110529092430id_/http://www.qlsn.com:80/sdbook/index.asp?,2009,,img,http://www.qlsn.com/sdbook/img/1/new.gif
http://www.qlsn.com/sdbook/index.asp?,http://web.archive.org/web/20110529092430id_/http://www.qlsn.com:80/sdbook/index.asp?,2009,,img,http://www.qlsn.com/sdbook/img/1/jd-to.gif
http://www.qlsn.com/sdbook/index.asp?,http://web.archive.org/web/20110529092430id_/http://www.qlsn.com:80/sdbook/index.asp?,2009,,img,http://www.qlsn.com/sdbook/img/1/plus.gif
http://www.qlsn.com/sdbook/index.asp?,http://web.archive.org/web/20110529092430id_/http://www.qlsn.com:80/sdbook/index.asp?,2009,,img,http://www.qlsn.com/sdbook/img/1/nofollow.gif
http://www.qlsn.com/sdbook/index.asp?,http://web.archive.org/web/20110529092430id_/http://www.qlsn.com:80/sdbook/index.asp?,2009,,img,http://www.qlsn.com/sdbook/img/1/hot.gif
http://www.qlsn.com/sdbook/index.asp?,http://web.archive.org/web/20110529092430id_/http://www.qlsn.com:80/sdbook/index.asp?,2009,,img,http://www.qlsn.com/sdbook/img/1/jd-to.gif
http://www.qlsn.com/sdbook/index.asp?,http://web.archive.org/web/20110529092430id_/http://www.qlsn.com:80/sdbook/index.asp?,2009,,img,http://www.qlsn.com/sdbook/img/1/plus.gif
http://www.qlsn.com/sdbook/index.asp?,http://web.archive.org/web/20110529092430id_/http://www.qlsn.com:80/sdbook/index.asp?,2009,,img,http://www.qlsn.com/sdbook/img/1/nofollow.gif
http://www.qlsn.com/sdbook/index.asp?,http://web.archive.org/web/20110529092430id_/http://www.qlsn.com:80/sdbook/index.asp?,2009,,img,http://www.qlsn.com/sdbook/img/1/hot.gif
http://www.qlsn.com/sdbook/index.asp?,http://web.archive.org/web/20110529092430id_/http://www.qlsn.com:80/sdbook/index.asp?,2009,,img,http://www.qlsn.com/sdbook/img/1/jd-to.gif
http://www.qlsn.com/sdbook/index.asp?,http://web.archive.org/web/20110529092430id_/http://www.qlsn.com:80/sdbook/index.asp?,2009,,img,http://www.qlsn.com/sdbook/img/1/plus.gif
http://www.qlsn.com/sdbook/index.asp?,http://web.archive.org/web/20110529092430id_/http://www.qlsn.com:80/sdbook/index.asp?,2009,,img,http://www.qlsn.com/sdbook/img/1/nofollow.gif
http://www.qlsn.com/sdbook/index.asp?,http://web.archive.org/web/20110529092430id_/http://www.qlsn.com:80/sdbook/index.asp?,2009,,img,http://www.qlsn.com/sdbook/img/1/hot.gif
http://www.qlsn.com/sdbook/index.asp?,http://web.archive.org/web/20110529092430id_/http://www.qlsn.com:80/sdbook/index.asp?,2009,,img,http://www.qlsn.com/sdbook/img/1/jd-to.gif
http://www.qlsn.com/sdbook/index.asp?,http://web.archive.org/web/20110529092430id_/http://www.qlsn.com:80/sdbook/index.asp?,2009,,img,http://www.qlsn.com/sdbook/img/1/plus.gif
http://www.qlsn.com/sdbook/index.asp?,http://web.archive.org/web/20110529092430id_/http://www.qlsn.com:80/sdbook/index.asp?,2009,,img,http://www.qlsn.com/sdbook/img/1/nofollow.gif
http://www.qlsn.com/sdbook/index.asp?,http://web.archive.org/web/20110529092430id_/http://www.qlsn.com:80/sdbook/index.asp?,2009,,img,http://www.qlsn.com/sdbook/img/1/hot.gif
http://www.qlsn.com/sdbook/index.asp?,http://web.archive.org/web/20110529092430id_/http://www.qlsn.com:80/sdbook/index.asp?,2009,,img,http://www.qlsn.com/sdbook/img/1/jd-to.gif
http://www.qlsn.com/sdbook/index.asp?,http://web.archive.org/web/20110529092430id_/http://www.qlsn.com:80/sdbook/index.asp?,2009,,img,http://www.qlsn.com/sdbook/img/1/plus.gif
http://www.qlsn.com/sdbook/index.asp?,http://web.archive.org/web/20110529092430id_/http://www.qlsn.com:80/sdbook/index.asp?,2009,,img,http://www.qlsn.com/sdbook/img/1/nofollow.gif
http://www.qlsn.com/sdbook/index.asp?,http://web.archive.org/web/20110529092430id_/http://www.qlsn.com:80/sdbook/index.asp?,2009,,img,http://www.qlsn.com/sdbook/img/1/hot.gif
http://www.qlsn.com/sdbook/index.asp?,http://web.archive.org/web/20110529092430id_/http://www.qlsn.com:80/sdbook/index.asp?,2009,,img,http://www.qlsn.com/sdbook/img/1/jd-to.gif
http://www.qlsn.com/sdbook/index.asp?,http://web.archive.org/web/20110529092430id_/http://www.qlsn.com:80/sdbook/index.asp?,2009,,img,http://www.qlsn.com/sdbook/img/1/plus.gif
http://www.qlsn.com/sdbook/index.asp?,http://web.archive.org/web/20110529092430id_/http://www.qlsn.com:80/sdbook/index.asp?,2009,,img,http://www.qlsn.com/sdbook/img/1/nofollow.gif
http://www.qlsn.com/sdbook/index.asp?,http://web.archive.org/web/20110529092430id_/http://www.qlsn.com:80/sdbook/index.asp?,2009,,img,http://www.qlsn.com/sdbook/img/1/hot.gif
http://www.qlsn.com/sdbook/index.asp?,http://web.archive.org/web/20110529092430id_/http://www.qlsn.com:80/sdbook/index.asp?,2009,,img,http://www.qlsn.com/sdbook/img/1/jd-to.gif
http://www.qlsn.com/sdbook/index.asp?,http://web.archive.org/web/20110529092430id_/http://www.qlsn.com:80/sdbook/index.asp?,2009,,img,http://www.qlsn.com/sdbook/img/1/plus.gif
http://www.qlsn.com/sdbook/index.asp?,http://web.archive.org/web/20110529092430id_/http://www.qlsn.com:80/sdbook/index.asp?,2009,,img,http://www.qlsn.com/sdbook/img/1/nofollow.gif
http://www.qlsn.com/sdbook/index.asp?,http://web.archive.org/web/20110529092430id_/http://www.qlsn.com:80/sdbook/index.asp?,2009,,img,http://www.qlsn.com/sdbook/img/1/hot.gif
http://www.qlsn.com/sdbook/index.asp?,http://web.archive.org/web/20110529092430id_/http://www.qlsn.com:80/sdbook/index.asp?,2009,,img,http://www.qlsn.com/sdbook/img/1/jd-to.gif
http://www.qlsn.com/sdbook/index.asp?,http://web.archive.org/web/20110529092430id_/http://www.qlsn.com:80/sdbook/index.asp?,2009,,img,http://www.qlsn.com/sdbook/img/1/plus.gif
http://www.qlsn.com/sdbook/index.asp?,http://web.archive.org/web/20110529092430id_/http://www.qlsn.com:80/sdbook/index.asp?,2009,,img,http://www.qlsn.com/sdbook/img/1/nofollow.gif
http://www.qlsn.com/sdbook/index.asp?,http://web.archive.org/web/20110529092430id_/http://www.qlsn.com:80/sdbook/index.asp?,2009,,img,http://www.qlsn.com/sdbook/img/1/hot.gif
http://www.qlsn.com/sdbook/index.asp?,http://web.archive.org/web/20110529092430id_/http://www.qlsn.com:80/sdbook/index.asp?,2009,,img,http://www.qlsn.com/sdbook/img/1/jd-to.gif
http://www.qlsn.com/sdbook/index.asp?,http://web.archive.org/web/20110529092430id_/http://www.qlsn.com:80/sdbook/index.asp?,2009,,img,http://www.qlsn.com/sdbook/img/1/plus.gif
http://www.qlsn.com/sdbook/index.asp?,http://web.archive.org/web/20110529092430id_/http://www.qlsn.com:80/sdbook/index.asp?,2009,,img,http://www.qlsn.com/sdbook/img/1/nofollow.gif
http://www.qlsn.com/sdbook/index.asp?,http://web.archive.org/web/20110529092430id_/http://www.qlsn.com:80/sdbook/index.asp?,2009,,img,http://www.qlsn.com/sdbook/img/1/hot.gif
http://www.qlsn.com/sdbook/index.asp?,http://web.archive.org/web/20110529092430id_/http://www.qlsn.com:80/sdbook/index.asp?,2009,,img,http://www.qlsn.com/sdbook/img/1/jd-to.gif
http://www.qlsn.com/sdbook/index.asp?,http://web.archive.org/web/20110529092430id_/http://www.qlsn.com:80/sdbook/index.asp?,2009,,img,http://www.qlsn.com/sdbook/img/1/plus.gif
http://www.qlsn.com/sdbook/index.asp?,http://web.archive.org/web/20110529092430id_/http://www.qlsn.com:80/sdbook/index.asp?,2009,,img,http://www.qlsn.com/sdbook/img/1/nofollow.gif
http://www.qlsn.com/sdbook/index.asp?,http://web.archive.org/web/20110529092430id_/http://www.qlsn.com:80/sdbook/index.asp?,2009,,img,http://www.qlsn.com/sdbook/img/1/hot.gif
http://www.qlsn.com/sdbook/index.asp?,http://web.archive.org/web/20110529092430id_/http://www.qlsn.com:80/sdbook/index.asp?,2009,,img,http://www.qlsn.com/sdbook/img/1/jd-to.gif
http://www.qlsn.com/sdbook/index.asp?,http://web.archive.org/web/20110529092430id_/http://www.qlsn.com:80/sdbook/index.asp?,2009,,img,http://www.qlsn.com/sdbook/img/1/plus.gif
http://www.qlsn.com/sdbook/index.asp?,http://web.archive.org/web/20110529092430id_/http://www.qlsn.com:80/sdbook/index.asp?,2009,,img,http://www.qlsn.com/sdbook/img/1/nofollow.gif
http://www.qlsn.com/sdbook/index.asp?,http://web.archive.org/web/20110529092430id_/http://www.qlsn.com:80/sdbook/index.asp?,2009,,img,http://www.qlsn.com/sdbook/img/1/hot.gif
http://www.qlsn.com/sdbook/index.asp?,http://web.archive.org/web/20110529092430id_/http://www.qlsn.com:80/sdbook/index.asp?,2009,,img,http://www.qlsn.com/sdbook/img/1/jd-to.gif
http://www.qlsn.com/sdbook/index.asp?,http://web.archive.org/web/20110529092430id_/http://www.qlsn.com:80/sdbook/index.asp?,2009,,img,http://www.qlsn.com/sdbook/img/1/plus.gif
http://www.qlsn.com/sdbook/index.asp?,http://web.archive.org/web/20110529092430id_/http://www.qlsn.com:80/sdbook/index.asp?,2009,,img,http://www.qlsn.com/sdbook/img/1/nofollow.gif
http://www.qlsn.com/sdbook/index.asp?,http://web.archive.org/web/20110529092430id_/http://www.qlsn.com:80/sdbook/index.asp?,2009,,img,http://www.qlsn.com/sdbook/img/1/hot.gif
http://www.qlsn.com/sdbook/index.asp?,http://web.archive.org/web/20110529092430id_/http://www.qlsn.com:80/sdbook/index.asp?,2009,,img,http://www.qlsn.com/sdbook/img/1/jd-to.gif
http://www.qlsn.com/sdbook/index.asp?,http://web.archive.org/web/20110529092430id_/http://www.qlsn.com:80/sdbook/index.asp?,2009,,img,http://www.qlsn.com/sdbook/img/1/plus.gif
http://www.qlsn.com/sdbook/index.asp?,http://web.archive.org/web/20110529092430id_/http://www.qlsn.com:80/sdbook/index.asp?,2009,,img,http://www.qlsn.com/sdbook/img/1/nofollow.gif
http://www.qlsn.com/sdbook/index.asp?,http://web.archive.org/web/20110529092430id_/http://www.qlsn.com:80/sdbook/index.asp?,2009,,img,http://www.qlsn.com/sdbook/img/1/hot.gif
http://www.qlsn.com/sdbook/index.asp?,http://web.archive.org/web/20110529092430id_/http://www.qlsn.com:80/sdbook/index.asp?,2009,,img,http://www.qlsn.com/sdbook/img/1/jd-to.gif
http://www.qlsn.com/sdbook/index.asp?,http://web.archive.org/web/20110529092430id_/http://www.qlsn.com:80/sdbook/index.asp?,2009,,img,http://www.qlsn.com/sdbook/img/1/plus.gif
http://www.qlsn.com/sdbook/index.asp?,http://web.archive.org/web/20110529092430id_/http://www.qlsn.com:80/sdbook/index.asp?,2009,,img,http://www.qlsn.com/sdbook/img/1/nofollow.gif
http://www.qlsn.com/sdbook/index.asp?,http://web.archive.org/web/20110529092430id_/http://www.qlsn.com:80/sdbook/index.asp?,2009,,img,http://www.qlsn.com/sdbook/img/1/hot.gif
http://www.qlsn.com/sdbook/index.asp?,http://web.archive.org/web/20110529092430id_/http://www.qlsn.com:80/sdbook/index.asp?,2009,,img,http://www.qlsn.com/sdbook/img/1/jd-to.gif
http://www.qlsn.com/sdbook/index.asp?,http://web.archive.org/web/20110529092430id_/http://www.qlsn.com:80/sdbook/index.asp?,2009,,img,http://www.qlsn.com/sdbook/img/1/nofollow.gif
http://www.qlsn.com/sdbook/index.asp?,http://web.archive.org/web/20110529092430id_/http://www.qlsn.com:80/sdbook/index.asp?,2009,,img,http://www.qlsn.com/sdbook/img/1/new.gif
http://www.qlsn.com/sdbook/index.asp?,http://web.archive.org/web/20110529092430id_/http://www.qlsn.com:80/sdbook/index.asp?,2009,,img,http://www.qlsn.com/sdbook/img/1/jd-to.gif
http://www.qlsn.com/sdbook/index.asp?,http://web.archive.org/web/20110529092430id_/http://www.qlsn.com:80/sdbook/index.asp?,2009,,img,http://www.qlsn.com/sdbook/img/1/plus.gif
http://www.qlsn.com/sdbook/index.asp?,http://web.archive.org/web/20110529092430id_/http://www.qlsn.com:80/sdbook/index.asp?,2009,,img,http://www.qlsn.com/sdbook/img/1/nofollow.gif
http://www.qlsn.com/sdbook/index.asp?,http://web.archive.org/web/20110529092430id_/http://www.qlsn.com:80/sdbook/index.asp?,2009,,img,http://www.qlsn.com/sdbook/img/1/hot.gif
http://www.qlsn.com/sdbook/index.asp?,http://web.archive.org/web/20110529092430id_/http://www.qlsn.com:80/sdbook/index.asp?,2009,,img,http://www.qlsn.com/sdbook/img/1/jd-to.gif
http://www.qlsn.com/sdbook/index.asp?,http://web.archive.org/web/20110529092430id_/http://www.qlsn.com:80/sdbook/index.asp?,2009,,img,http://www.qlsn.com/sdbook/img/1/plus.gif
http://www.qlsn.com/sdbook/index.asp?,http://web.archive.org/web/20110529092430id_/http://www.qlsn.com:80/sdbook/index.asp?,2009,,img,http://www.qlsn.com/sdbook/img/1/nofollow.gif
http://www.qlsn.com/sdbook/index.asp?,http://web.archive.org/web/20110529092430id_/http://www.qlsn.com:80/sdbook/index.asp?,2009,,img,http://www.qlsn.com/sdbook/img/1/hot.gif
http://www.qlsn.com/sdbook/index.asp?,http://web.archive.org/web/20110529092430id_/http://www.qlsn.com:80/sdbook/index.asp?,2009,,img,http://www.qlsn.com/sdbook/img/1/jd-to.gif
http://www.qlsn.com/sdbook/index.asp?,http://web.archive.org/web/20110529092430id_/http://www.qlsn.com:80/sdbook/index.asp?,2009,,img,http://www.qlsn.com/sdbook/img/1/plus.gif
http://www.qlsn.com/sdbook/index.asp?,http://web.archive.org/web/20110529092430id_/http://www.qlsn.com:80/sdbook/index.asp?,2009,,img,http://www.qlsn.com/sdbook/img/1/nofollow.gif
http://www.qlsn.com/sdbook/index.asp?,http://web.archive.org/web/20110529092430id_/http://www.qlsn.com:80/sdbook/index.asp?,2009,,img,http://www.qlsn.com/sdbook/img/1/hot.gif
http://www.qlsn.com/sdbook/index.asp?,http://web.archive.org/web/20110529092430id_/http://www.qlsn.com:80/sdbook/index.asp?,2009,,img,http://www.qlsn.com/sdbook/img/1/jd-to.gif
http://www.qlsn.com/sdbook/index.asp?,http://web.archive.org/web/20110529092430id_/http://www.qlsn.com:80/sdbook/index.asp?,2009,,img,http://www.qlsn.com/sdbook/img/1/plus.gif
http://www.qlsn.com/sdbook/index.asp?,http://web.archive.org/web/20110529092430id_/http://www.qlsn.com:80/sdbook/index.asp?,2009,,img,http://www.qlsn.com/sdbook/img/1/nofollow.gif
http://www.qlsn.com/sdbook/index.asp?,http://web.archive.org/web/20110529092430id_/http://www.qlsn.com:80/sdbook/index.asp?,2009,,img,http://www.qlsn.com/sdbook/img/1/hot.gif
http://www.qlsn.com/sdbook/index.asp?,http://web.archive.org/web/20110529092430id_/http://www.qlsn.com:80/sdbook/index.asp?,2009,,img,http://www.qlsn.com/sdbook/img/1/jd-to.gif
http://www.qlsn.com/sdbook/index.asp?,http://web.archive.org/web/20110529092430id_/http://www.qlsn.com:80/sdbook/index.asp?,2009,,img,http://www.qlsn.com/sdbook/img/1/plus.gif
http://www.qlsn.com/sdbook/index.asp?,http://web.archive.org/web/20110529092430id_/http://www.qlsn.com:80/sdbook/index.asp?,2009,,img,http://www.qlsn.com/sdbook/img/1/nofollow.gif
http://www.qlsn.com/sdbook/index.asp?,http://web.archive.org/web/20110529092430id_/http://www.qlsn.com:80/sdbook/index.asp?,2009,,img,http://www.qlsn.com/sdbook/img/1/new.gif
http://www.qlsn.com/sdbook/index.asp?,http://web.archive.org/web/20110529092430id_/http://www.qlsn.com:80/sdbook/index.asp?,2009,,img,http://www.qlsn.com/sdbook/img/1/T_bottomleft.gif
http://www.qlsn.com/sdbook/index.asp?,http://web.archive.org/web/20110529092430id_/http://www.qlsn.com:80/sdbook/index.asp?,2009,,img,http://www.qlsn.com/sdbook/img/1/T_bottomright.gif
http://www.qlsn.com/sdbook/index.asp?,http://web.archive.org/web/20110529092430id_/http://www.qlsn.com:80/sdbook/index.asp?,2009,,img,http://www.qlsn.com/sdbook/img/1/p1.gif
http://www.qlsn.com/sdbook/index.asp?,http://web.archive.org/web/20110529092430id_/http://www.qlsn.com:80/sdbook/index.asp?,2009,,img,http://www.qlsn.com/sdbook/img/1/p2.gif
http://www.qlsn.com/sdbook/index.asp?,http://web.archive.org/web/20110529092430id_/http://www.qlsn.com:80/sdbook/index.asp?,2009,,img,http://www.qlsn.com/sdbook/img/1/p3.gif
http://www.qlsn.com/sdbook/index.asp?,http://web.archive.org/web/20110529092430id_/http://www.qlsn.com:80/sdbook/index.asp?,2009,,img,http://www.qlsn.com/sdbook/img/1/p4.gif
http://www.qlsn.com/sdbook/index.asp?forumid=1&fn=0&page=1&action=,https://web.archive.org/web/20110918104834id_/http://www.qlsn.com/sdbook/index.asp?forumid=1&fn=0&page=1&action=,2009,,img,http://www.qlsn.com/sdbook/img/1/logo.gif
http://www.qlsn.com/sdbook/index.asp?forumid=1&fn=0&page=1&action=,https://web.archive.org/web/20110918104834id_/http://www.qlsn.com/sdbook/index.asp?forumid=1&fn=0&page=1&action=,2009,,img,http://www.qlsn.com/sdbook/img/1/banner.gif
http://www.qlsn.com/sdbook/index.asp?forumid=1&fn=0&page=1&action=,https://web.archive.org/web/20110918104834id_/http://www.qlsn.com/sdbook/index.asp?forumid=1&fn=0&page=1&action=,2009,,img,http://www.qlsn.com/sdbook/img/1/right_logo.gif
http://www.qlsn.com/sdbook/index.asp?forumid=1&fn=0&page=1&action=,https://web.archive.org/web/20110918104834id_/http://www.qlsn.com/sdbook/index.asp?forumid=1&fn=0&page=1&action=,2009,,img,http://www.qlsn.com/sdbook/img/1/rss.gif
http://www.qlsn.com/sdbook/index.asp?forumid=1&fn=0&page=1&action=,https://web.archive.org/web/20110918104834id_/http://www.qlsn.com/sdbook/index.asp?forumid=1&fn=0&page=1&action=,2009,,img,http://www.qlsn.com/sdbook/img/1/Forum_nav.gif
http://www.qlsn.com/sdbook/index.asp?forumid=1&fn=0&page=1&action=,https://web.archive.org/web/20110918104834id_/http://www.qlsn.com/sdbook/index.asp?forumid=1&fn=0&page=1&action=,2009,,img,http://www.qlsn.com/sdbook/img/1/post.gif
http://www.qlsn.com/sdbook/index.asp?forumid=1&fn=0&page=1&action=,https://web.archive.org/web/20110918104834id_/http://www.qlsn.com/sdbook/index.asp?forumid=1&fn=0&page=1&action=,2009,,img,http://www.qlsn.com/sdbook/img/1/p1.gif
http://www.qlsn.com/sdbook/index.asp?forumid=1&fn=0&page=1&action=,https://web.archive.org/web/20110918104834id_/http://www.qlsn.com/sdbook/index.asp?forumid=1&fn=0&page=1&action=,2009,,img,http://www.qlsn.com/sdbook/img/1/p2.gif
http://www.qlsn.com/sdbook/index.asp?forumid=1&fn=0&page=1&action=,https://web.archive.org/web/20110918104834id_/http://www.qlsn.com/sdbook/index.asp?forumid=1&fn=0&page=1&action=,2009,,img,http://www.qlsn.com/sdbook/img/1/p3.gif
http://www.qlsn.com/sdbook/index.asp?forumid=1&fn=0&page=1&action=,https://web.archive.org/web/20110918104834id_/http://www.qlsn.com/sdbook/index.asp?forumid=1&fn=0&page=1&action=,2009,,img,http://www.qlsn.com/sdbook/img/1/p4.gif
http://www.qlsn.com/sdbook/index.asp?forumid=1&fn=0&page=1&action=,https://web.archive.org/web/20110918104834id_/http://www.qlsn.com/sdbook/index.asp?forumid=1&fn=0&page=1&action=,2009,,img,http://www.qlsn.com/sdbook/img/1/T_left.gif
http://www.qlsn.com/sdbook/index.asp?forumid=1&fn=0&page=1&action=,https://web.archive.org/web/20110918104834id_/http://www.qlsn.com/sdbook/index.asp?forumid=1&fn=0&page=1&action=,2009,,img,http://www.qlsn.com/sdbook/img/1/T_right.gif
http://www.qlsn.com/sdbook/index.asp?forumid=1&fn=0&page=1&action=,https://web.archive.org/web/20110918104834id_/http://www.qlsn.com/sdbook/index.asp?forumid=1&fn=0&page=1&action=,2009,,img,http://www.qlsn.com/sdbook/img/1/jd-to.gif
http://www.qlsn.com/sdbook/index.asp?forumid=1&fn=0&page=1&action=,https://web.archive.org/web/20110918104834id_/http://www.qlsn.com/sdbook/index.asp?forumid=1&fn=0&page=1&action=,2009,,img,http://www.qlsn.com/sdbook/img/1/plus.gif
http://www.qlsn.com/sdbook/index.asp?forumid=1&fn=0&page=1&action=,https://web.archive.org/web/20110918104834id_/http://www.qlsn.com/sdbook/index.asp?forumid=1&fn=0&page=1&action=,2009,,img,http://www.qlsn.com/sdbook/img/1/nofollow.gif
http://www.qlsn.com/sdbook/index.asp?forumid=1&fn=0&page=1&action=,https://web.archive.org/web/20110918104834id_/http://www.qlsn.com/sdbook/index.asp?forumid=1&fn=0&page=1&action=,2009,,img,http://www.qlsn.com/sdbook/img/1/jd-to.gif
http://www.qlsn.com/sdbook/index.asp?forumid=1&fn=0&page=1&action=,https://web.archive.org/web/20110918104834id_/http://www.qlsn.com/sdbook/index.asp?forumid=1&fn=0&page=1&action=,2009,,img,http://www.qlsn.com/sdbook/img/1/plus.gif
http://www.qlsn.com/sdbook/index.asp?forumid=1&fn=0&page=1&action=,https://web.archive.org/web/20110918104834id_/http://www.qlsn.com/sdbook/index.asp?forumid=1&fn=0&page=1&action=,2009,,img,http://www.qlsn.com/sdbook/img/1/nofollow.gif
http://www.qlsn.com/sdbook/index.asp?forumid=1&fn=0&page=1&action=,https://web.archive.org/web/20110918104834id_/http://www.qlsn.com/sdbook/index.asp?forumid=1&fn=0&page=1&action=,2009,,img,http://www.qlsn.com/sdbook/img/1/jd-to.gif
http://www.qlsn.com/sdbook/index.asp?forumid=1&fn=0&page=1&action=,https://web.archive.org/web/20110918104834id_/http://www.qlsn.com/sdbook/index.asp?forumid=1&fn=0&page=1&action=,2009,,img,http://www.qlsn.com/sdbook/img/1/plus.gif
http://www.qlsn.com/sdbook/index.asp?forumid=1&fn=0&page=1&action=,https://web.archive.org/web/20110918104834id_/http://www.qlsn.com/sdbook/index.asp?forumid=1&fn=0&page=1&action=,2009,,img,http://www.qlsn.com/sdbook/img/1/nofollow.gif
http://www.qlsn.com/sdbook/index.asp?forumid=1&fn=0&page=1&action=,https://web.archive.org/web/20110918104834id_/http://www.qlsn.com/sdbook/index.asp?forumid=1&fn=0&page=1&action=,2009,,img,http://www.qlsn.com/sdbook/img/1/jd-to.gif
http://www.qlsn.com/sdbook/index.asp?forumid=1&fn=0&page=1&action=,https://web.archive.org/web/20110918104834id_/http://www.qlsn.com/sdbook/index.asp?forumid=1&fn=0&page=1&action=,2009,,img,http://www.qlsn.com/sdbook/img/1/plus.gif
http://www.qlsn.com/sdbook/index.asp?forumid=1&fn=0&page=1&action=,https://web.archive.org/web/20110918104834id_/http://www.qlsn.com/sdbook/index.asp?forumid=1&fn=0&page=1&action=,2009,,img,http://www.qlsn.com/sdbook/img/1/nofollow.gif
http://www.qlsn.com/sdbook/index.asp?forumid=1&fn=0&page=1&action=,https://web.archive.org/web/20110918104834id_/http://www.qlsn.com/sdbook/index.asp?forumid=1&fn=0&page=1&action=,2009,,img,http://www.qlsn.com/sdbook/img/1/jd-to.gif
http://www.qlsn.com/sdbook/index.asp?forumid=1&fn=0&page=1&action=,https://web.archive.org/web/20110918104834id_/http://www.qlsn.com/sdbook/index.asp?forumid=1&fn=0&page=1&action=,2009,,img,http://www.qlsn.com/sdbook/img/1/plus.gif
http://www.qlsn.com/sdbook/index.asp?forumid=1&fn=0&page=1&action=,https://web.archive.org/web/20110918104834id_/http://www.qlsn.com/sdbook/index.asp?forumid=1&fn=0&page=1&action=,2009,,img,http://www.qlsn.com/sdbook/img/1/nofollow.gif
http://www.qlsn.com/sdbook/index.asp?forumid=1&fn=0&page=1&action=,https://web.archive.org/web/20110918104834id_/http://www.qlsn.com/sdbook/index.asp?forumid=1&fn=0&page=1&action=,2009,,img,http://www.qlsn.com/sdbook/img/1/topic_jinghua.gif
http://www.qlsn.com/sdbook/index.asp?forumid=1&fn=0&page=1&action=,https://web.archive.org/web/20110918104834id_/http://www.qlsn.com/sdbook/index.asp?forumid=1&fn=0&page=1&action=,2009,,img,http://www.qlsn.com/sdbook/img/1/plus.gif
http://www.qlsn.com/sdbook/index.asp?forumid=1&fn=0&page=1&action=,https://web.archive.org/web/20110918104834id_/http://www.qlsn.com/sdbook/index.asp?forumid=1&fn=0&page=1&action=,2009,,img,http://www.qlsn.com/sdbook/img/1/nofollow.gif
http://www.qlsn.com/sdbook/index.asp?forumid=1&fn=0&page=1&action=,https://web.archive.org/web/20110918104834id_/http://www.qlsn.com/sdbook/index.asp?forumid=1&fn=0&page=1&action=,2009,,img,http://www.qlsn.com/sdbook/img/1/jd-to.gif
http://www.qlsn.com/sdbook/index.asp?forumid=1&fn=0&page=1&action=,https://web.archive.org/web/20110918104834id_/http://www.qlsn.com/sdbook/index.asp?forumid=1&fn=0&page=1&action=,2009,,img,http://www.qlsn.com/sdbook/img/1/plus.gif
http://www.qlsn.com/sdbook/index.asp?forumid=1&fn=0&page=1&action=,https://web.archive.org/web/20110918104834id_/http://www.qlsn.com/sdbook/index.asp?forumid=1&fn=0&page=1&action=,2009,,img,http://www.qlsn.com/sdbook/img/1/nofollow.gif
http://www.qlsn.com/sdbook/index.asp?forumid=1&fn=0&page=1&action=,https://web.archive.org/web/20110918104834id_/http://www.qlsn.com/sdbook/index.asp?forumid=1&fn=0&page=1&action=,2009,,img,http://www.qlsn.com/sdbook/img/1/hot.gif
http://www.qlsn.com/sdbook/index.asp?forumid=1&fn=0&page=1&action=,https://web.archive.org/web/20110918104834id_/http://www.qlsn.com/sdbook/index.asp?forumid=1&fn=0&page=1&action=,2009,,img,http://www.qlsn.com/sdbook/img/1/jd-to.gif
http://www.qlsn.com/sdbook/index.asp?forumid=1&fn=0&page=1&action=,https://web.archive.org/web/20110918104834id_/http://www.qlsn.com/sdbook/index.asp?forumid=1&fn=0&page=1&action=,2009,,img,http://www.qlsn.com/sdbook/img/1/plus.gif
http://www.qlsn.com/sdbook/index.asp?forumid=1&fn=0&page=1&action=,https://web.archive.org/web/20110918104834id_/http://www.qlsn.com/sdbook/index.asp?forumid=1&fn=0&page=1&action=,2009,,img,http://www.qlsn.com/sdbook/img/1/nofollow.gif
http://www.qlsn.com/sdbook/index.asp?forumid=1&fn=0&page=1&action=,https://web.archive.org/web/20110918104834id_/http://www.qlsn.com/sdbook/index.asp?forumid=1&fn=0&page=1&action=,2009,,img,http://www.qlsn.com/sdbook/img/1/hot.gif
http://www.qlsn.com/sdbook/index.asp?forumid=1&fn=0&page=1&action=,https://web.archive.org/web/20110918104834id_/http://www.qlsn.com/sdbook/index.asp?forumid=1&fn=0&page=1&action=,2009,,img,http://www.qlsn.com/sdbook/img/1/jd-to.gif
http://www.qlsn.com/sdbook/index.asp?forumid=1&fn=0&page=1&action=,https://web.archive.org/web/20110918104834id_/http://www.qlsn.com/sdbook/index.asp?forumid=1&fn=0&page=1&action=,2009,,img,http://www.qlsn.com/sdbook/img/1/plus.gif
http://www.qlsn.com/sdbook/index.asp?forumid=1&fn=0&page=1&action=,https://web.archive.org/web/20110918104834id_/http://www.qlsn.com/sdbook/index.asp?forumid=1&fn=0&page=1&action=,2009,,img,http://www.qlsn.com/sdbook/img/1/nofollow.gif
http://www.qlsn.com/sdbook/index.asp?forumid=1&fn=0&page=1&action=,https://web.archive.org/web/20110918104834id_/http://www.qlsn.com/sdbook/index.asp?forumid=1&fn=0&page=1&action=,2009,,img,http://www.qlsn.com/sdbook/img/1/hot.gif
http://www.qlsn.com/sdbook/index.asp?forumid=1&fn=0&page=1&action=,https://web.archive.org/web/20110918104834id_/http://www.qlsn.com/sdbook/index.asp?forumid=1&fn=0&page=1&action=,2009,,img,http://www.qlsn.com/sdbook/img/1/jd-to.gif
http://www.qlsn.com/sdbook/index.asp?forumid=1&fn=0&page=1&action=,https://web.archive.org/web/20110918104834id_/http://www.qlsn.com/sdbook/index.asp?forumid=1&fn=0&page=1&action=,2009,,img,http://www.qlsn.com/sdbook/img/1/plus.gif
http://www.qlsn.com/sdbook/index.asp?forumid=1&fn=0&page=1&action=,https://web.archive.org/web/20110918104834id_/http://www.qlsn.com/sdbook/index.asp?forumid=1&fn=0&page=1&action=,2009,,img,http://www.qlsn.com/sdbook/img/1/nofollow.gif
http://www.qlsn.com/sdbook/index.asp?forumid=1&fn=0&page=1&action=,https://web.archive.org/web/20110918104834id_/http://www.qlsn.com/sdbook/index.asp?forumid=1&fn=0&page=1&action=,2009,,img,http://www.qlsn.com/sdbook/img/1/hot.gif
http://www.qlsn.com/sdbook/index.asp?forumid=1&fn=0&page=1&action=,https://web.archive.org/web/20110918104834id_/http://www.qlsn.com/sdbook/index.asp?forumid=1&fn=0&page=1&action=,2009,,img,http://www.qlsn.com/sdbook/img/1/jd-to.gif
http://www.qlsn.com/sdbook/index.asp?forumid=1&fn=0&page=1&action=,https://web.archive.org/web/20110918104834id_/http://www.qlsn.com/sdbook/index.asp?forumid=1&fn=0&page=1&action=,2009,,img,http://www.qlsn.com/sdbook/img/1/plus.gif
http://www.qlsn.com/sdbook/index.asp?forumid=1&fn=0&page=1&action=,https://web.archive.org/web/20110918104834id_/http://www.qlsn.com/sdbook/index.asp?forumid=1&fn=0&page=1&action=,2009,,img,http://www.qlsn.com/sdbook/img/1/nofollow.gif
http://www.qlsn.com/sdbook/index.asp?forumid=1&fn=0&page=1&action=,https://web.archive.org/web/20110918104834id_/http://www.qlsn.com/sdbook/index.asp?forumid=1&fn=0&page=1&action=,2009,,img,http://www.qlsn.com/sdbook/img/1/hot.gif
http://www.qlsn.com/sdbook/index.asp?forumid=1&fn=0&page=1&action=,https://web.archive.org/web/20110918104834id_/http://www.qlsn.com/sdbook/index.asp?forumid=1&fn=0&page=1&action=,2009,,img,http://www.qlsn.com/sdbook/img/1/jd-to.gif
http://www.qlsn.com/sdbook/index.asp?forumid=1&fn=0&page=1&action=,https://web.archive.org/web/20110918104834id_/http://www.qlsn.com/sdbook/index.asp?forumid=1&fn=0&page=1&action=,2009,,img,http://www.qlsn.com/sdbook/img/1/plus.gif
http://www.qlsn.com/sdbook/index.asp?forumid=1&fn=0&page=1&action=,https://web.archive.org/web/20110918104834id_/http://www.qlsn.com/sdbook/index.asp?forumid=1&fn=0&page=1&action=,2009,,img,http://www.qlsn.com/sdbook/img/1/nofollow.gif
http://www.qlsn.com/sdbook/index.asp?forumid=1&fn=0&page=1&action=,https://web.archive.org/web/20110918104834id_/http://www.qlsn.com/sdbook/index.asp?forumid=1&fn=0&page=1&action=,2009,,img,http://www.qlsn.com/sdbook/img/1/jd-to.gif
http://www.qlsn.com/sdbook/index.asp?forumid=1&fn=0&page=1&action=,https://web.archive.org/web/20110918104834id_/http://www.qlsn.com/sdbook/index.asp?forumid=1&fn=0&page=1&action=,2009,,img,http://www.qlsn.com/sdbook/img/1/plus.gif
http://www.qlsn.com/sdbook/index.asp?forumid=1&fn=0&page=1&action=,https://web.archive.org/web/20110918104834id_/http://www.qlsn.com/sdbook/index.asp?forumid=1&fn=0&page=1&action=,2009,,img,http://www.qlsn.com/sdbook/img/1/nofollow.gif
http://www.qlsn.com/sdbook/index.asp?forumid=1&fn=0&page=1&action=,https://web.archive.org/web/20110918104834id_/http://www.qlsn.com/sdbook/index.asp?forumid=1&fn=0&page=1&action=,2009,,img,http://www.qlsn.com/sdbook/img/1/hot.gif
http://www.qlsn.com/sdbook/index.asp?forumid=1&fn=0&page=1&action=,https://web.archive.org/web/20110918104834id_/http://www.qlsn.com/sdbook/index.asp?forumid=1&fn=0&page=1&action=,2009,,img,http://www.qlsn.com/sdbook/img/1/jd-to.gif
http://www.qlsn.com/sdbook/index.asp?forumid=1&fn=0&page=1&action=,https://web.archive.org/web/20110918104834id_/http://www.qlsn.com/sdbook/index.asp?forumid=1&fn=0&page=1&action=,2009,,img,http://www.qlsn.com/sdbook/img/1/plus.gif
http://www.qlsn.com/sdbook/index.asp?forumid=1&fn=0&page=1&action=,https://web.archive.org/web/20110918104834id_/http://www.qlsn.com/sdbook/index.asp?forumid=1&fn=0&page=1&action=,2009,,img,http://www.qlsn.com/sdbook/img/1/nofollow.gif
http://www.qlsn.com/sdbook/index.asp?forumid=1&fn=0&page=1&action=,https://web.archive.org/web/20110918104834id_/http://www.qlsn.com/sdbook/index.asp?forumid=1&fn=0&page=1&action=,2009,,img,http://www.qlsn.com/sdbook/img/1/hot.gif
http://www.qlsn.com/sdbook/index.asp?forumid=1&fn=0&page=1&action=,https://web.archive.org/web/20110918104834id_/http://www.qlsn.com/sdbook/index.asp?forumid=1&fn=0&page=1&action=,2009,,img,http://www.qlsn.com/sdbook/img/1/jd-to.gif
http://www.qlsn.com/sdbook/index.asp?forumid=1&fn=0&page=1&action=,https://web.archive.org/web/20110918104834id_/http://www.qlsn.com/sdbook/index.asp?forumid=1&fn=0&page=1&action=,2009,,img,http://www.qlsn.com/sdbook/img/1/plus.gif
http://www.qlsn.com/sdbook/index.asp?forumid=1&fn=0&page=1&action=,https://web.archive.org/web/20110918104834id_/http://www.qlsn.com/sdbook/index.asp?forumid=1&fn=0&page=1&action=,2009,,img,http://www.qlsn.com/sdbook/img/1/nofollow.gif
http://www.qlsn.com/sdbook/index.asp?forumid=1&fn=0&page=1&action=,https://web.archive.org/web/20110918104834id_/http://www.qlsn.com/sdbook/index.asp?forumid=1&fn=0&page=1&action=,2009,,img,http://www.qlsn.com/sdbook/img/1/jd-to.gif
http://www.qlsn.com/sdbook/index.asp?forumid=1&fn=0&page=1&action=,https://web.archive.org/web/20110918104834id_/http://www.qlsn.com/sdbook/index.asp?forumid=1&fn=0&page=1&action=,2009,,img,http://www.qlsn.com/sdbook/img/1/plus.gif
http://www.qlsn.com/sdbook/index.asp?forumid=1&fn=0&page=1&action=,https://web.archive.org/web/20110918104834id_/http://www.qlsn.com/sdbook/index.asp?forumid=1&fn=0&page=1&action=,2009,,img,http://www.qlsn.com/sdbook/img/1/nofollow.gif
http://www.qlsn.com/sdbook/index.asp?forumid=1&fn=0&page=1&action=,https://web.archive.org/web/20110918104834id_/http://www.qlsn.com/sdbook/index.asp?forumid=1&fn=0&page=1&action=,2009,,img,http://www.qlsn.com/sdbook/img/1/hot.gif
http://www.qlsn.com/sdbook/index.asp?forumid=1&fn=0&page=1&action=,https://web.archive.org/web/20110918104834id_/http://www.qlsn.com/sdbook/index.asp?forumid=1&fn=0&page=1&action=,2009,,img,http://www.qlsn.com/sdbook/img/1/jd-to.gif
http://www.qlsn.com/sdbook/index.asp?forumid=1&fn=0&page=1&action=,https://web.archive.org/web/20110918104834id_/http://www.qlsn.com/sdbook/index.asp?forumid=1&fn=0&page=1&action=,2009,,img,http://www.qlsn.com/sdbook/img/1/plus.gif
http://www.qlsn.com/sdbook/index.asp?forumid=1&fn=0&page=1&action=,https://web.archive.org/web/20110918104834id_/http://www.qlsn.com/sdbook/index.asp?forumid=1&fn=0&page=1&action=,2009,,img,http://www.qlsn.com/sdbook/img/1/nofollow.gif
http://www.qlsn.com/sdbook/index.asp?forumid=1&fn=0&page=1&action=,https://web.archive.org/web/20110918104834id_/http://www.qlsn.com/sdbook/index.asp?forumid=1&fn=0&page=1&action=,2009,,img,http://www.qlsn.com/sdbook/img/1/hot.gif
http://www.qlsn.com/sdbook/index.asp?forumid=1&fn=0&page=1&action=,https://web.archive.org/web/20110918104834id_/http://www.qlsn.com/sdbook/index.asp?forumid=1&fn=0&page=1&action=,2009,,img,http://www.qlsn.com/sdbook/img/1/jd-to.gif
http://www.qlsn.com/sdbook/index.asp?forumid=1&fn=0&page=1&action=,https://web.archive.org/web/20110918104834id_/http://www.qlsn.com/sdbook/index.asp?forumid=1&fn=0&page=1&action=,2009,,img,http://www.qlsn.com/sdbook/img/1/plus.gif
http://www.qlsn.com/sdbook/index.asp?forumid=1&fn=0&page=1&action=,https://web.archive.org/web/20110918104834id_/http://www.qlsn.com/sdbook/index.asp?forumid=1&fn=0&page=1&action=,2009,,img,http://www.qlsn.com/sdbook/img/1/nofollow.gif
http://www.qlsn.com/sdbook/index.asp?forumid=1&fn=0&page=1&action=,https://web.archive.org/web/20110918104834id_/http://www.qlsn.com/sdbook/index.asp?forumid=1&fn=0&page=1&action=,2009,,img,http://www.qlsn.com/sdbook/img/1/jd-to.gif
http://www.qlsn.com/sdbook/index.asp?forumid=1&fn=0&page=1&action=,https://web.archive.org/web/20110918104834id_/http://www.qlsn.com/sdbook/index.asp?forumid=1&fn=0&page=1&action=,2009,,img,http://www.qlsn.com/sdbook/img/1/plus.gif
http://www.qlsn.com/sdbook/index.asp?forumid=1&fn=0&page=1&action=,https://web.archive.org/web/20110918104834id_/http://www.qlsn.com/sdbook/index.asp?forumid=1&fn=0&page=1&action=,2009,,img,http://www.qlsn.com/sdbook/img/1/nofollow.gif
http://www.qlsn.com/sdbook/index.asp?forumid=1&fn=0&page=1&action=,https://web.archive.org/web/20110918104834id_/http://www.qlsn.com/sdbook/index.asp?forumid=1&fn=0&page=1&action=,2009,,img,http://www.qlsn.com/sdbook/img/1/hot.gif
http://www.qlsn.com/sdbook/index.asp?forumid=1&fn=0&page=1&action=,https://web.archive.org/web/20110918104834id_/http://www.qlsn.com/sdbook/index.asp?forumid=1&fn=0&page=1&action=,2009,,img,http://www.qlsn.com/sdbook/img/1/jd-to.gif
http://www.qlsn.com/sdbook/index.asp?forumid=1&fn=0&page=1&action=,https://web.archive.org/web/20110918104834id_/http://www.qlsn.com/sdbook/index.asp?forumid=1&fn=0&page=1&action=,2009,,img,http://www.qlsn.com/sdbook/img/1/plus.gif
http://www.qlsn.com/sdbook/index.asp?forumid=1&fn=0&page=1&action=,https://web.archive.org/web/20110918104834id_/http://www.qlsn.com/sdbook/index.asp?forumid=1&fn=0&page=1&action=,2009,,img,http://www.qlsn.com/sdbook/img/1/nofollow.gif
http://www.qlsn.com/sdbook/index.asp?forumid=1&fn=0&page=1&action=,https://web.archive.org/web/20110918104834id_/http://www.qlsn.com/sdbook/index.asp?forumid=1&fn=0&page=1&action=,2009,,img,http://www.qlsn.com/sdbook/img/1/jd-to.gif
http://www.qlsn.com/sdbook/index.asp?forumid=1&fn=0&page=1&action=,https://web.archive.org/web/20110918104834id_/http://www.qlsn.com/sdbook/index.asp?forumid=1&fn=0&page=1&action=,2009,,img,http://www.qlsn.com/sdbook/img/1/plus.gif
http://www.qlsn.com/sdbook/index.asp?forumid=1&fn=0&page=1&action=,https://web.archive.org/web/20110918104834id_/http://www.qlsn.com/sdbook/index.asp?forumid=1&fn=0&page=1&action=,2009,,img,http://www.qlsn.com/sdbook/img/1/nofollow.gif
http://www.qlsn.com/sdbook/index.asp?forumid=1&fn=0&page=1&action=,https://web.archive.org/web/20110918104834id_/http://www.qlsn.com/sdbook/index.asp?forumid=1&fn=0&page=1&action=,2009,,img,http://www.qlsn.com/sdbook/img/1/jd-to.gif
http://www.qlsn.com/sdbook/index.asp?forumid=1&fn=0&page=1&action=,https://web.archive.org/web/20110918104834id_/http://www.qlsn.com/sdbook/index.asp?forumid=1&fn=0&page=1&action=,2009,,img,http://www.qlsn.com/sdbook/img/1/plus.gif
http://www.qlsn.com/sdbook/index.asp?forumid=1&fn=0&page=1&action=,https://web.archive.org/web/20110918104834id_/http://www.qlsn.com/sdbook/index.asp?forumid=1&fn=0&page=1&action=,2009,,img,http://www.qlsn.com/sdbook/img/1/nofollow.gif
http://www.qlsn.com/sdbook/index.asp?forumid=1&fn=0&page=1&action=,https://web.archive.org/web/20110918104834id_/http://www.qlsn.com/sdbook/index.asp?forumid=1&fn=0&page=1&action=,2009,,img,http://www.qlsn.com/sdbook/img/1/jd-to.gif
http://www.qlsn.com/sdbook/index.asp?forumid=1&fn=0&page=1&action=,https://web.archive.org/web/20110918104834id_/http://www.qlsn.com/sdbook/index.asp?forumid=1&fn=0&page=1&action=,2009,,img,http://www.qlsn.com/sdbook/img/1/plus.gif
http://www.qlsn.com/sdbook/index.asp?forumid=1&fn=0&page=1&action=,https://web.archive.org/web/20110918104834id_/http://www.qlsn.com/sdbook/index.asp?forumid=1&fn=0&page=1&action=,2009,,img,http://www.qlsn.com/sdbook/img/1/nofollow.gif
http://www.qlsn.com/sdbook/index.asp?forumid=1&fn=0&page=1&action=,https://web.archive.org/web/20110918104834id_/http://www.qlsn.com/sdbook/index.asp?forumid=1&fn=0&page=1&action=,2009,,img,http://www.qlsn.com/sdbook/img/1/jd-to.gif
http://www.qlsn.com/sdbook/index.asp?forumid=1&fn=0&page=1&action=,https://web.archive.org/web/20110918104834id_/http://www.qlsn.com/sdbook/index.asp?forumid=1&fn=0&page=1&action=,2009,,img,http://www.qlsn.com/sdbook/img/1/plus.gif
http://www.qlsn.com/sdbook/index.asp?forumid=1&fn=0&page=1&action=,https://web.archive.org/web/20110918104834id_/http://www.qlsn.com/sdbook/index.asp?forumid=1&fn=0&page=1&action=,2009,,img,http://www.qlsn.com/sdbook/img/1/nofollow.gif
http://www.qlsn.com/sdbook/index.asp?forumid=1&fn=0&page=1&action=,https://web.archive.org/web/20110918104834id_/http://www.qlsn.com/sdbook/index.asp?forumid=1&fn=0&page=1&action=,2009,,img,http://www.qlsn.com/sdbook/img/1/jd-to.gif
http://www.qlsn.com/sdbook/index.asp?forumid=1&fn=0&page=1&action=,https://web.archive.org/web/20110918104834id_/http://www.qlsn.com/sdbook/index.asp?forumid=1&fn=0&page=1&action=,2009,,img,http://www.qlsn.com/sdbook/img/1/plus.gif
http://www.qlsn.com/sdbook/index.asp?forumid=1&fn=0&page=1&action=,https://web.archive.org/web/20110918104834id_/http://www.qlsn.com/sdbook/index.asp?forumid=1&fn=0&page=1&action=,2009,,img,http://www.qlsn.com/sdbook/img/1/nofollow.gif
http://www.qlsn.com/sdbook/index.asp?forumid=1&fn=0&page=1&action=,https://web.archive.org/web/20110918104834id_/http://www.qlsn.com/sdbook/index.asp?forumid=1&fn=0&page=1&action=,2009,,img,http://www.qlsn.com/sdbook/img/1/T_bottomleft.gif
http://www.qlsn.com/sdbook/index.asp?forumid=1&fn=0&page=1&action=,https://web.archive.org/web/20110918104834id_/http://www.qlsn.com/sdbook/index.asp?forumid=1&fn=0&page=1&action=,2009,,img,http://www.qlsn.com/sdbook/img/1/T_bottomright.gif
http://www.qlsn.com/sdbook/index.asp?forumid=1&fn=0&page=1&action=,https://web.archive.org/web/20110918104834id_/http://www.qlsn.com/sdbook/index.asp?forumid=1&fn=0&page=1&action=,2009,,img,http://www.qlsn.com/sdbook/img/1/p1.gif
http://www.qlsn.com/sdbook/index.asp?forumid=1&fn=0&page=1&action=,https://web.archive.org/web/20110918104834id_/http://www.qlsn.com/sdbook/index.asp?forumid=1&fn=0&page=1&action=,2009,,img,http://www.qlsn.com/sdbook/img/1/p2.gif
http://www.qlsn.com/sdbook/index.asp?forumid=1&fn=0&page=1&action=,https://web.archive.org/web/20110918104834id_/http://www.qlsn.com/sdbook/index.asp?forumid=1&fn=0&page=1&action=,2009,,img,http://www.qlsn.com/sdbook/img/1/p3.gif
http://www.qlsn.com/sdbook/index.asp?forumid=1&fn=0&page=1&action=,https://web.archive.org/web/20110918104834id_/http://www.qlsn.com/sdbook/index.asp?forumid=1&fn=0&page=1&action=,2009,,img,http://www.qlsn.com/sdbook/img/1/p4.gif
http://www.qlsn.com/page/P1.htm,http://web.archive.org/web/20040804133449id_/http://www.qlsn.com:80/page/P1.htm,,,img,http://www.qlsn.com/111.jpg
http://www.qlsn.com/page/P1.htm,http://web.archive.org/web/20040804133449id_/http://www.qlsn.com:80/page/P1.htm,,,img,http://www.qlsn.com/banner_colorbird.gif
http://www.qlsn.com/page/P1.htm,http://web.archive.org/web/20040804133449id_/http://www.qlsn.com:80/page/P1.htm,,,img,http://www.qlsn.com/images/more01.gif
http://www.qlsn.com/page/P1.htm,http://web.archive.org/web/20040804133449id_/http://www.qlsn.com:80/page/P1.htm,,,img,http://www.qlsn.com/images/more01.gif
http://www.qlsn.com/page/P1.htm,http://web.archive.org/web/20040804133449id_/http://www.qlsn.com:80/page/P1.htm,,,img,http://www.qlsn.com/images/more01.gif
http://www.qlsn.com/page/P1.htm,http://web.archive.org/web/20040804133449id_/http://www.qlsn.com:80/page/P1.htm,,,img,http://www.qlsn.com/images/more01.gif
http://www.qlsn.com/page/P1.htm,http://web.archive.org/web/20040804133449id_/http://www.qlsn.com:80/page/P1.htm,,,img,http://www.qlsn.com/images/more01.gif
http://www.qlsn.com/page/P1.htm,http://web.archive.org/web/20040804133449id_/http://www.qlsn.com:80/page/P1.htm,,,img,http://www.qlsn.com/images/more01.gif
http://www.qlsn.com/page/P1.htm,http://web.archive.org/web/20040804133449id_/http://www.qlsn.com:80/page/P1.htm,,,img,http://www.qlsn.com/images/niux-home.gif
http://www.qlsn.com/page/P1.htm,http://web.archive.org/web/20040804133449id_/http://www.qlsn.com:80/page/P1.htm,,,img,http://www.qlsn.com/images/niux-f.gif
http://www.qlsn.com/page/P1.htm,http://web.archive.org/web/20040804133449id_/http://www.qlsn.com:80/page/P1.htm,,,img,http://www.qlsn.com/images/niux-mail.gif
http://www.qlsn.com/sdbook/index.asp?action=member_reg&forumid=1,https://web.archive.org/web/20110918072840id_/http://www.qlsn.com/sdbook/index.asp?action=member_reg&forumid=1,2009,,img,http://www.qlsn.com/sdbook/img/1/logo.gif
http://www.qlsn.com/sdbook/index.asp?action=member_reg&forumid=1,https://web.archive.org/web/20110918072840id_/http://www.qlsn.com/sdbook/index.asp?action=member_reg&forumid=1,2009,,img,http://www.qlsn.com/sdbook/img/1/banner.gif
http://www.qlsn.com/sdbook/index.asp?action=member_reg&forumid=1,https://web.archive.org/web/20110918072840id_/http://www.qlsn.com/sdbook/index.asp?action=member_reg&forumid=1,2009,,img,http://www.qlsn.com/sdbook/img/1/right_logo.gif
http://www.qlsn.com/sdbook/index.asp?action=member_reg&forumid=1,https://web.archive.org/web/20110918072840id_/http://www.qlsn.com/sdbook/index.asp?action=member_reg&forumid=1,2009,,img,http://www.qlsn.com/sdbook/img/1/rss.gif
http://www.qlsn.com/sdbook/index.asp?action=member_reg&forumid=1,https://web.archive.org/web/20110918072840id_/http://www.qlsn.com/sdbook/index.asp?action=member_reg&forumid=1,2009,,img,http://www.qlsn.com/sdbook/img/1/Forum_nav.gif
http://www.qlsn.com/sdbook/index.asp?action=member_reg&forumid=1,https://web.archive.org/web/20110918072840id_/http://www.qlsn.com/sdbook/index.asp?action=member_reg&forumid=1,2009,,img,http://www.qlsn.com/sdbook/img/1/post.gif
http://www.qlsn.com/sdbook/index.asp?forumid=1&fn=0&page=2&action=,https://web.archive.org/web/20110918112837id_/http://www.qlsn.com/sdbook/index.asp?forumid=1&fn=0&page=2&action=,2009,,img,http://www.qlsn.com/sdbook/img/1/logo.gif
http://www.qlsn.com/sdbook/index.asp?forumid=1&fn=0&page=2&action=,https://web.archive.org/web/20110918112837id_/http://www.qlsn.com/sdbook/index.asp?forumid=1&fn=0&page=2&action=,2009,,img,http://www.qlsn.com/sdbook/img/1/banner.gif
http://www.qlsn.com/sdbook/index.asp?forumid=1&fn=0&page=2&action=,https://web.archive.org/web/20110918112837id_/http://www.qlsn.com/sdbook/index.asp?forumid=1&fn=0&page=2&action=,2009,,img,http://www.qlsn.com/sdbook/img/1/right_logo.gif
http://www.qlsn.com/sdbook/index.asp?forumid=1&fn=0&page=2&action=,https://web.archive.org/web/20110918112837id_/http://www.qlsn.com/sdbook/index.asp?forumid=1&fn=0&page=2&action=,2009,,img,http://www.qlsn.com/sdbook/img/1/rss.gif
http://www.qlsn.com/sdbook/index.asp?forumid=1&fn=0&page=2&action=,https://web.archive.org/web/20110918112837id_/http://www.qlsn.com/sdbook/index.asp?forumid=1&fn=0&page=2&action=,2009,,img,http://www.qlsn.com/sdbook/img/1/Forum_nav.gif
http://www.qlsn.com/sdbook/index.asp?forumid=1&fn=0&page=2&action=,https://web.archive.org/web/20110918112837id_/http://www.qlsn.com/sdbook/index.asp?forumid=1&fn=0&page=2&action=,2009,,img,http://www.qlsn.com/sdbook/img/1/post.gif
http://www.qlsn.com/sdbook/index.asp?forumid=1&fn=0&page=2&action=,https://web.archive.org/web/20110918112837id_/http://www.qlsn.com/sdbook/index.asp?forumid=1&fn=0&page=2&action=,2009,,img,http://www.qlsn.com/sdbook/img/1/p1.gif
http://www.qlsn.com/sdbook/index.asp?forumid=1&fn=0&page=2&action=,https://web.archive.org/web/20110918112837id_/http://www.qlsn.com/sdbook/index.asp?forumid=1&fn=0&page=2&action=,2009,,img,http://www.qlsn.com/sdbook/img/1/p2.gif
http://www.qlsn.com/sdbook/index.asp?forumid=1&fn=0&page=2&action=,https://web.archive.org/web/20110918112837id_/http://www.qlsn.com/sdbook/index.asp?forumid=1&fn=0&page=2&action=,2009,,img,http://www.qlsn.com/sdbook/img/1/p3.gif
http://www.qlsn.com/sdbook/index.asp?forumid=1&fn=0&page=2&action=,https://web.archive.org/web/20110918112837id_/http://www.qlsn.com/sdbook/index.asp?forumid=1&fn=0&page=2&action=,2009,,img,http://www.qlsn.com/sdbook/img/1/p4.gif
http://www.qlsn.com/sdbook/index.asp?forumid=1&fn=0&page=2&action=,https://web.archive.org/web/20110918112837id_/http://www.qlsn.com/sdbook/index.asp?forumid=1&fn=0&page=2&action=,2009,,img,http://www.qlsn.com/sdbook/img/1/T_left.gif
http://www.qlsn.com/sdbook/index.asp?forumid=1&fn=0&page=2&action=,https://web.archive.org/web/20110918112837id_/http://www.qlsn.com/sdbook/index.asp?forumid=1&fn=0&page=2&action=,2009,,img,http://www.qlsn.com/sdbook/img/1/T_right.gif
http://www.qlsn.com/sdbook/index.asp?forumid=1&fn=0&page=2&action=,https://web.archive.org/web/20110918112837id_/http://www.qlsn.com/sdbook/index.asp?forumid=1&fn=0&page=2&action=,2009,,img,http://www.qlsn.com/sdbook/img/1/jd-to.gif
http://www.qlsn.com/sdbook/index.asp?forumid=1&fn=0&page=2&action=,https://web.archive.org/web/20110918112837id_/http://www.qlsn.com/sdbook/index.asp?forumid=1&fn=0&page=2&action=,2009,,img,http://www.qlsn.com/sdbook/img/1/nofollow.gif
http://www.qlsn.com/sdbook/index.asp?forumid=1&fn=0&page=2&action=,https://web.archive.org/web/20110918112837id_/http://www.qlsn.com/sdbook/index.asp?forumid=1&fn=0&page=2&action=,2009,,img,http://www.qlsn.com/sdbook/img/1/jd-to.gif
http://www.qlsn.com/sdbook/index.asp?forumid=1&fn=0&page=2&action=,https://web.archive.org/web/20110918112837id_/http://www.qlsn.com/sdbook/index.asp?forumid=1&fn=0&page=2&action=,2009,,img,http://www.qlsn.com/sdbook/img/1/plus.gif
http://www.qlsn.com/sdbook/index.asp?forumid=1&fn=0&page=2&action=,https://web.archive.org/web/20110918112837id_/http://www.qlsn.com/sdbook/index.asp?forumid=1&fn=0&page=2&action=,2009,,img,http://www.qlsn.com/sdbook/img/1/nofollow.gif
http://www.qlsn.com/sdbook/index.asp?forumid=1&fn=0&page=2&action=,https://web.archive.org/web/20110918112837id_/http://www.qlsn.com/sdbook/index.asp?forumid=1&fn=0&page=2&action=,2009,,img,http://www.qlsn.com/sdbook/img/1/hot.gif
http://www.qlsn.com/sdbook/index.asp?forumid=1&fn=0&page=2&action=,https://web.archive.org/web/20110918112837id_/http://www.qlsn.com/sdbook/index.asp?forumid=1&fn=0&page=2&action=,2009,,img,http://www.qlsn.com/sdbook/img/1/jd-to.gif
http://www.qlsn.com/sdbook/index.asp?forumid=1&fn=0&page=2&action=,https://web.archive.org/web/20110918112837id_/http://www.qlsn.com/sdbook/index.asp?forumid=1&fn=0&page=2&action=,2009,,img,http://www.qlsn.com/sdbook/img/1/plus.gif
http://www.qlsn.com/sdbook/index.asp?forumid=1&fn=0&page=2&action=,https://web.archive.org/web/20110918112837id_/http://www.qlsn.com/sdbook/index.asp?forumid=1&fn=0&page=2&action=,2009,,img,http://www.qlsn.com/sdbook/img/1/nofollow.gif
http://www.qlsn.com/sdbook/index.asp?forumid=1&fn=0&page=2&action=,https://web.archive.org/web/20110918112837id_/http://www.qlsn.com/sdbook/index.asp?forumid=1&fn=0&page=2&action=,2009,,img,http://www.qlsn.com/sdbook/img/1/jd-to.gif
http://www.qlsn.com/sdbook/index.asp?forumid=1&fn=0&page=2&action=,https://web.archive.org/web/20110918112837id_/http://www.qlsn.com/sdbook/index.asp?forumid=1&fn=0&page=2&action=,2009,,img,http://www.qlsn.com/sdbook/img/1/nofollow.gif
http://www.qlsn.com/sdbook/index.asp?forumid=1&fn=0&page=2&action=,https://web.archive.org/web/20110918112837id_/http://www.qlsn.com/sdbook/index.asp?forumid=1&fn=0&page=2&action=,2009,,img,http://www.qlsn.com/sdbook/img/1/topic_jinghua.gif
http://www.qlsn.com/sdbook/index.asp?forumid=1&fn=0&page=2&action=,https://web.archive.org/web/20110918112837id_/http://www.qlsn.com/sdbook/index.asp?forumid=1&fn=0&page=2&action=,2009,,img,http://www.qlsn.com/sdbook/img/1/plus.gif
http://www.qlsn.com/sdbook/index.asp?forumid=1&fn=0&page=2&action=,https://web.archive.org/web/20110918112837id_/http://www.qlsn.com/sdbook/index.asp?forumid=1&fn=0&page=2&action=,2009,,img,http://www.qlsn.com/sdbook/img/1/nofollow.gif
http://www.qlsn.com/sdbook/index.asp?forumid=1&fn=0&page=2&action=,https://web.archive.org/web/20110918112837id_/http://www.qlsn.com/sdbook/index.asp?forumid=1&fn=0&page=2&action=,2009,,img,http://www.qlsn.com/sdbook/img/1/hot.gif
http://www.qlsn.com/sdbook/index.asp?forumid=1&fn=0&page=2&action=,https://web.archive.org/web/20110918112837id_/http://www.qlsn.com/sdbook/index.asp?forumid=1&fn=0&page=2&action=,2009,,img,http://www.qlsn.com/sdbook/img/1/jd-to.gif
http://www.qlsn.com/sdbook/index.asp?forumid=1&fn=0&page=2&action=,https://web.archive.org/web/20110918112837id_/http://www.qlsn.com/sdbook/index.asp?forumid=1&fn=0&page=2&action=,2009,,img,http://www.qlsn.com/sdbook/img/1/plus.gif
http://www.qlsn.com/sdbook/index.asp?forumid=1&fn=0&page=2&action=,https://web.archive.org/web/20110918112837id_/http://www.qlsn.com/sdbook/index.asp?forumid=1&fn=0&page=2&action=,2009,,img,http://www.qlsn.com/sdbook/img/1/nofollow.gif
http://www.qlsn.com/sdbook/index.asp?forumid=1&fn=0&page=2&action=,https://web.archive.org/web/20110918112837id_/http://www.qlsn.com/sdbook/index.asp?forumid=1&fn=0&page=2&action=,2009,,img,http://www.qlsn.com/sdbook/img/1/hot.gif
http://www.qlsn.com/sdbook/index.asp?forumid=1&fn=0&page=2&action=,https://web.archive.org/web/20110918112837id_/http://www.qlsn.com/sdbook/index.asp?forumid=1&fn=0&page=2&action=,2009,,img,http://www.qlsn.com/sdbook/img/1/jd-to.gif
http://www.qlsn.com/sdbook/index.asp?forumid=1&fn=0&page=2&action=,https://web.archive.org/web/20110918112837id_/http://www.qlsn.com/sdbook/index.asp?forumid=1&fn=0&page=2&action=,2009,,img,http://www.qlsn.com/sdbook/img/1/plus.gif
http://www.qlsn.com/sdbook/index.asp?forumid=1&fn=0&page=2&action=,https://web.archive.org/web/20110918112837id_/http://www.qlsn.com/sdbook/index.asp?forumid=1&fn=0&page=2&action=,2009,,img,http://www.qlsn.com/sdbook/img/1/nofollow.gif
http://www.qlsn.com/sdbook/index.asp?forumid=1&fn=0&page=2&action=,https://web.archive.org/web/20110918112837id_/http://www.qlsn.com/sdbook/index.asp?forumid=1&fn=0&page=2&action=,2009,,img,http://www.qlsn.com/sdbook/img/1/hot.gif
http://www.qlsn.com/sdbook/index.asp?forumid=1&fn=0&page=2&action=,https://web.archive.org/web/20110918112837id_/http://www.qlsn.com/sdbook/index.asp?forumid=1&fn=0&page=2&action=,2009,,img,http://www.qlsn.com/sdbook/img/1/jd-to.gif
http://www.qlsn.com/sdbook/index.asp?forumid=1&fn=0&page=2&action=,https://web.archive.org/web/20110918112837id_/http://www.qlsn.com/sdbook/index.asp?forumid=1&fn=0&page=2&action=,2009,,img,http://www.qlsn.com/sdbook/img/1/plus.gif
http://www.qlsn.com/sdbook/index.asp?forumid=1&fn=0&page=2&action=,https://web.archive.org/web/20110918112837id_/http://www.qlsn.com/sdbook/index.asp?forumid=1&fn=0&page=2&action=,2009,,img,http://www.qlsn.com/sdbook/img/1/nofollow.gif
http://www.qlsn.com/sdbook/index.asp?forumid=1&fn=0&page=2&action=,https://web.archive.org/web/20110918112837id_/http://www.qlsn.com/sdbook/index.asp?forumid=1&fn=0&page=2&action=,2009,,img,http://www.qlsn.com/sdbook/img/1/hot.gif
http://www.qlsn.com/sdbook/index.asp?forumid=1&fn=0&page=2&action=,https://web.archive.org/web/20110918112837id_/http://www.qlsn.com/sdbook/index.asp?forumid=1&fn=0&page=2&action=,2009,,img,http://www.qlsn.com/sdbook/img/1/jd-to.gif
http://www.qlsn.com/sdbook/index.asp?forumid=1&fn=0&page=2&action=,https://web.archive.org/web/20110918112837id_/http://www.qlsn.com/sdbook/index.asp?forumid=1&fn=0&page=2&action=,2009,,img,http://www.qlsn.com/sdbook/img/1/plus.gif
http://www.qlsn.com/sdbook/index.asp?forumid=1&fn=0&page=2&action=,https://web.archive.org/web/20110918112837id_/http://www.qlsn.com/sdbook/index.asp?forumid=1&fn=0&page=2&action=,2009,,img,http://www.qlsn.com/sdbook/img/1/nofollow.gif
http://www.qlsn.com/sdbook/index.asp?forumid=1&fn=0&page=2&action=,https://web.archive.org/web/20110918112837id_/http://www.qlsn.com/sdbook/index.asp?forumid=1&fn=0&page=2&action=,2009,,img,http://www.qlsn.com/sdbook/img/1/hot.gif
http://www.qlsn.com/sdbook/index.asp?forumid=1&fn=0&page=2&action=,https://web.archive.org/web/20110918112837id_/http://www.qlsn.com/sdbook/index.asp?forumid=1&fn=0&page=2&action=,2009,,img,http://www.qlsn.com/sdbook/img/1/jd-to.gif
http://www.qlsn.com/sdbook/index.asp?forumid=1&fn=0&page=2&action=,https://web.archive.org/web/20110918112837id_/http://www.qlsn.com/sdbook/index.asp?forumid=1&fn=0&page=2&action=,2009,,img,http://www.qlsn.com/sdbook/img/1/plus.gif
http://www.qlsn.com/sdbook/index.asp?forumid=1&fn=0&page=2&action=,https://web.archive.org/web/20110918112837id_/http://www.qlsn.com/sdbook/index.asp?forumid=1&fn=0&page=2&action=,2009,,img,http://www.qlsn.com/sdbook/img/1/nofollow.gif
http://www.qlsn.com/sdbook/index.asp?forumid=1&fn=0&page=2&action=,https://web.archive.org/web/20110918112837id_/http://www.qlsn.com/sdbook/index.asp?forumid=1&fn=0&page=2&action=,2009,,img,http://www.qlsn.com/sdbook/img/1/hot.gif
http://www.qlsn.com/sdbook/index.asp?forumid=1&fn=0&page=2&action=,https://web.archive.org/web/20110918112837id_/http://www.qlsn.com/sdbook/index.asp?forumid=1&fn=0&page=2&action=,2009,,img,http://www.qlsn.com/sdbook/img/1/jd-to.gif
http://www.qlsn.com/sdbook/index.asp?forumid=1&fn=0&page=2&action=,https://web.archive.org/web/20110918112837id_/http://www.qlsn.com/sdbook/index.asp?forumid=1&fn=0&page=2&action=,2009,,img,http://www.qlsn.com/sdbook/img/1/plus.gif
http://www.qlsn.com/sdbook/index.asp?forumid=1&fn=0&page=2&action=,https://web.archive.org/web/20110918112837id_/http://www.qlsn.com/sdbook/index.asp?forumid=1&fn=0&page=2&action=,2009,,img,http://www.qlsn.com/sdbook/img/1/nofollow.gif
http://www.qlsn.com/sdbook/index.asp?forumid=1&fn=0&page=2&action=,https://web.archive.org/web/20110918112837id_/http://www.qlsn.com/sdbook/index.asp?forumid=1&fn=0&page=2&action=,2009,,img,http://www.qlsn.com/sdbook/img/1/hot.gif
http://www.qlsn.com/sdbook/index.asp?forumid=1&fn=0&page=2&action=,https://web.archive.org/web/20110918112837id_/http://www.qlsn.com/sdbook/index.asp?forumid=1&fn=0&page=2&action=,2009,,img,http://www.qlsn.com/sdbook/img/1/jd-to.gif
http://www.qlsn.com/sdbook/index.asp?forumid=1&fn=0&page=2&action=,https://web.archive.org/web/20110918112837id_/http://www.qlsn.com/sdbook/index.asp?forumid=1&fn=0&page=2&action=,2009,,img,http://www.qlsn.com/sdbook/img/1/plus.gif
http://www.qlsn.com/sdbook/index.asp?forumid=1&fn=0&page=2&action=,https://web.archive.org/web/20110918112837id_/http://www.qlsn.com/sdbook/index.asp?forumid=1&fn=0&page=2&action=,2009,,img,http://www.qlsn.com/sdbook/img/1/nofollow.gif
http://www.qlsn.com/sdbook/index.asp?forumid=1&fn=0&page=2&action=,https://web.archive.org/web/20110918112837id_/http://www.qlsn.com/sdbook/index.asp?forumid=1&fn=0&page=2&action=,2009,,img,http://www.qlsn.com/sdbook/img/1/hot.gif
http://www.qlsn.com/sdbook/index.asp?forumid=1&fn=0&page=2&action=,https://web.archive.org/web/20110918112837id_/http://www.qlsn.com/sdbook/index.asp?forumid=1&fn=0&page=2&action=,2009,,img,http://www.qlsn.com/sdbook/img/1/jd-to.gif
http://www.qlsn.com/sdbook/index.asp?forumid=1&fn=0&page=2&action=,https://web.archive.org/web/20110918112837id_/http://www.qlsn.com/sdbook/index.asp?forumid=1&fn=0&page=2&action=,2009,,img,http://www.qlsn.com/sdbook/img/1/plus.gif
http://www.qlsn.com/sdbook/index.asp?forumid=1&fn=0&page=2&action=,https://web.archive.org/web/20110918112837id_/http://www.qlsn.com/sdbook/index.asp?forumid=1&fn=0&page=2&action=,2009,,img,http://www.qlsn.com/sdbook/img/1/nofollow.gif
http://www.qlsn.com/sdbook/index.asp?forumid=1&fn=0&page=2&action=,https://web.archive.org/web/20110918112837id_/http://www.qlsn.com/sdbook/index.asp?forumid=1&fn=0&page=2&action=,2009,,img,http://www.qlsn.com/sdbook/img/1/hot.gif
http://www.qlsn.com/sdbook/index.asp?forumid=1&fn=0&page=2&action=,https://web.archive.org/web/20110918112837id_/http://www.qlsn.com/sdbook/index.asp?forumid=1&fn=0&page=2&action=,2009,,img,http://www.qlsn.com/sdbook/img/1/jd-to.gif
http://www.qlsn.com/sdbook/index.asp?forumid=1&fn=0&page=2&action=,https://web.archive.org/web/20110918112837id_/http://www.qlsn.com/sdbook/index.asp?forumid=1&fn=0&page=2&action=,2009,,img,http://www.qlsn.com/sdbook/img/1/plus.gif
http://www.qlsn.com/sdbook/index.asp?forumid=1&fn=0&page=2&action=,https://web.archive.org/web/20110918112837id_/http://www.qlsn.com/sdbook/index.asp?forumid=1&fn=0&page=2&action=,2009,,img,http://www.qlsn.com/sdbook/img/1/nofollow.gif
http://www.qlsn.com/sdbook/index.asp?forumid=1&fn=0&page=2&action=,https://web.archive.org/web/20110918112837id_/http://www.qlsn.com/sdbook/index.asp?forumid=1&fn=0&page=2&action=,2009,,img,http://www.qlsn.com/sdbook/img/1/hot.gif
http://www.qlsn.com/sdbook/index.asp?forumid=1&fn=0&page=2&action=,https://web.archive.org/web/20110918112837id_/http://www.qlsn.com/sdbook/index.asp?forumid=1&fn=0&page=2&action=,2009,,img,http://www.qlsn.com/sdbook/img/1/jd-to.gif
http://www.qlsn.com/sdbook/index.asp?forumid=1&fn=0&page=2&action=,https://web.archive.org/web/20110918112837id_/http://www.qlsn.com/sdbook/index.asp?forumid=1&fn=0&page=2&action=,2009,,img,http://www.qlsn.com/sdbook/img/1/plus.gif
http://www.qlsn.com/sdbook/index.asp?forumid=1&fn=0&page=2&action=,https://web.archive.org/web/20110918112837id_/http://www.qlsn.com/sdbook/index.asp?forumid=1&fn=0&page=2&action=,2009,,img,http://www.qlsn.com/sdbook/img/1/nofollow.gif
http://www.qlsn.com/sdbook/index.asp?forumid=1&fn=0&page=2&action=,https://web.archive.org/web/20110918112837id_/http://www.qlsn.com/sdbook/index.asp?forumid=1&fn=0&page=2&action=,2009,,img,http://www.qlsn.com/sdbook/img/1/hot.gif
http://www.qlsn.com/sdbook/index.asp?forumid=1&fn=0&page=2&action=,https://web.archive.org/web/20110918112837id_/http://www.qlsn.com/sdbook/index.asp?forumid=1&fn=0&page=2&action=,2009,,img,http://www.qlsn.com/sdbook/img/1/jd-to.gif
http://www.qlsn.com/sdbook/index.asp?forumid=1&fn=0&page=2&action=,https://web.archive.org/web/20110918112837id_/http://www.qlsn.com/sdbook/index.asp?forumid=1&fn=0&page=2&action=,2009,,img,http://www.qlsn.com/sdbook/img/1/plus.gif
http://www.qlsn.com/sdbook/index.asp?forumid=1&fn=0&page=2&action=,https://web.archive.org/web/20110918112837id_/http://www.qlsn.com/sdbook/index.asp?forumid=1&fn=0&page=2&action=,2009,,img,http://www.qlsn.com/sdbook/img/1/nofollow.gif
http://www.qlsn.com/sdbook/index.asp?forumid=1&fn=0&page=2&action=,https://web.archive.org/web/20110918112837id_/http://www.qlsn.com/sdbook/index.asp?forumid=1&fn=0&page=2&action=,2009,,img,http://www.qlsn.com/sdbook/img/1/hot.gif
http://www.qlsn.com/sdbook/index.asp?forumid=1&fn=0&page=2&action=,https://web.archive.org/web/20110918112837id_/http://www.qlsn.com/sdbook/index.asp?forumid=1&fn=0&page=2&action=,2009,,img,http://www.qlsn.com/sdbook/img/1/jd-to.gif
http://www.qlsn.com/sdbook/index.asp?forumid=1&fn=0&page=2&action=,https://web.archive.org/web/20110918112837id_/http://www.qlsn.com/sdbook/index.asp?forumid=1&fn=0&page=2&action=,2009,,img,http://www.qlsn.com/sdbook/img/1/plus.gif
http://www.qlsn.com/sdbook/index.asp?forumid=1&fn=0&page=2&action=,https://web.archive.org/web/20110918112837id_/http://www.qlsn.com/sdbook/index.asp?forumid=1&fn=0&page=2&action=,2009,,img,http://www.qlsn.com/sdbook/img/1/nofollow.gif
http://www.qlsn.com/sdbook/index.asp?forumid=1&fn=0&page=2&action=,https://web.archive.org/web/20110918112837id_/http://www.qlsn.com/sdbook/index.asp?forumid=1&fn=0&page=2&action=,2009,,img,http://www.qlsn.com/sdbook/img/1/hot.gif
http://www.qlsn.com/sdbook/index.asp?forumid=1&fn=0&page=2&action=,https://web.archive.org/web/20110918112837id_/http://www.qlsn.com/sdbook/index.asp?forumid=1&fn=0&page=2&action=,2009,,img,http://www.qlsn.com/sdbook/img/1/jd-to.gif
http://www.qlsn.com/sdbook/index.asp?forumid=1&fn=0&page=2&action=,https://web.archive.org/web/20110918112837id_/http://www.qlsn.com/sdbook/index.asp?forumid=1&fn=0&page=2&action=,2009,,img,http://www.qlsn.com/sdbook/img/1/plus.gif
http://www.qlsn.com/sdbook/index.asp?forumid=1&fn=0&page=2&action=,https://web.archive.org/web/20110918112837id_/http://www.qlsn.com/sdbook/index.asp?forumid=1&fn=0&page=2&action=,2009,,img,http://www.qlsn.com/sdbook/img/1/nofollow.gif
http://www.qlsn.com/sdbook/index.asp?forumid=1&fn=0&page=2&action=,https://web.archive.org/web/20110918112837id_/http://www.qlsn.com/sdbook/index.asp?forumid=1&fn=0&page=2&action=,2009,,img,http://www.qlsn.com/sdbook/img/1/hot.gif
http://www.qlsn.com/sdbook/index.asp?forumid=1&fn=0&page=2&action=,https://web.archive.org/web/20110918112837id_/http://www.qlsn.com/sdbook/index.asp?forumid=1&fn=0&page=2&action=,2009,,img,http://www.qlsn.com/sdbook/img/1/jd-to.gif
http://www.qlsn.com/sdbook/index.asp?forumid=1&fn=0&page=2&action=,https://web.archive.org/web/20110918112837id_/http://www.qlsn.com/sdbook/index.asp?forumid=1&fn=0&page=2&action=,2009,,img,http://www.qlsn.com/sdbook/img/1/plus.gif
http://www.qlsn.com/sdbook/index.asp?forumid=1&fn=0&page=2&action=,https://web.archive.org/web/20110918112837id_/http://www.qlsn.com/sdbook/index.asp?forumid=1&fn=0&page=2&action=,2009,,img,http://www.qlsn.com/sdbook/img/1/nofollow.gif
http://www.qlsn.com/sdbook/index.asp?forumid=1&fn=0&page=2&action=,https://web.archive.org/web/20110918112837id_/http://www.qlsn.com/sdbook/index.asp?forumid=1&fn=0&page=2&action=,2009,,img,http://www.qlsn.com/sdbook/img/1/hot.gif
http://www.qlsn.com/sdbook/index.asp?forumid=1&fn=0&page=2&action=,https://web.archive.org/web/20110918112837id_/http://www.qlsn.com/sdbook/index.asp?forumid=1&fn=0&page=2&action=,2009,,img,http://www.qlsn.com/sdbook/img/1/jd-to.gif
http://www.qlsn.com/sdbook/index.asp?forumid=1&fn=0&page=2&action=,https://web.archive.org/web/20110918112837id_/http://www.qlsn.com/sdbook/index.asp?forumid=1&fn=0&page=2&action=,2009,,img,http://www.qlsn.com/sdbook/img/1/plus.gif
http://www.qlsn.com/sdbook/index.asp?forumid=1&fn=0&page=2&action=,https://web.archive.org/web/20110918112837id_/http://www.qlsn.com/sdbook/index.asp?forumid=1&fn=0&page=2&action=,2009,,img,http://www.qlsn.com/sdbook/img/1/nofollow.gif
http://www.qlsn.com/sdbook/index.asp?forumid=1&fn=0&page=2&action=,https://web.archive.org/web/20110918112837id_/http://www.qlsn.com/sdbook/index.asp?forumid=1&fn=0&page=2&action=,2009,,img,http://www.qlsn.com/sdbook/img/1/hot.gif
http://www.qlsn.com/sdbook/index.asp?forumid=1&fn=0&page=2&action=,https://web.archive.org/web/20110918112837id_/http://www.qlsn.com/sdbook/index.asp?forumid=1&fn=0&page=2&action=,2009,,img,http://www.qlsn.com/sdbook/img/1/jd-to.gif
http://www.qlsn.com/sdbook/index.asp?forumid=1&fn=0&page=2&action=,https://web.archive.org/web/20110918112837id_/http://www.qlsn.com/sdbook/index.asp?forumid=1&fn=0&page=2&action=,2009,,img,http://www.qlsn.com/sdbook/img/1/plus.gif
http://www.qlsn.com/sdbook/index.asp?forumid=1&fn=0&page=2&action=,https://web.archive.org/web/20110918112837id_/http://www.qlsn.com/sdbook/index.asp?forumid=1&fn=0&page=2&action=,2009,,img,http://www.qlsn.com/sdbook/img/1/nofollow.gif
http://www.qlsn.com/sdbook/index.asp?forumid=1&fn=0&page=2&action=,https://web.archive.org/web/20110918112837id_/http://www.qlsn.com/sdbook/index.asp?forumid=1&fn=0&page=2&action=,2009,,img,http://www.qlsn.com/sdbook/img/1/hot.gif
http://www.qlsn.com/sdbook/index.asp?forumid=1&fn=0&page=2&action=,https://web.archive.org/web/20110918112837id_/http://www.qlsn.com/sdbook/index.asp?forumid=1&fn=0&page=2&action=,2009,,img,http://www.qlsn.com/sdbook/img/1/jd-to.gif
http://www.qlsn.com/sdbook/index.asp?forumid=1&fn=0&page=2&action=,https://web.archive.org/web/20110918112837id_/http://www.qlsn.com/sdbook/index.asp?forumid=1&fn=0&page=2&action=,2009,,img,http://www.qlsn.com/sdbook/img/1/nofollow.gif
http://www.qlsn.com/sdbook/index.asp?forumid=1&fn=0&page=2&action=,https://web.archive.org/web/20110918112837id_/http://www.qlsn.com/sdbook/index.asp?forumid=1&fn=0&page=2&action=,2009,,img,http://www.qlsn.com/sdbook/img/1/jd-to.gif
http://www.qlsn.com/sdbook/index.asp?forumid=1&fn=0&page=2&action=,https://web.archive.org/web/20110918112837id_/http://www.qlsn.com/sdbook/index.asp?forumid=1&fn=0&page=2&action=,2009,,img,http://www.qlsn.com/sdbook/img/1/plus.gif
http://www.qlsn.com/sdbook/index.asp?forumid=1&fn=0&page=2&action=,https://web.archive.org/web/20110918112837id_/http://www.qlsn.com/sdbook/index.asp?forumid=1&fn=0&page=2&action=,2009,,img,http://www.qlsn.com/sdbook/img/1/nofollow.gif
http://www.qlsn.com/sdbook/index.asp?forumid=1&fn=0&page=2&action=,https://web.archive.org/web/20110918112837id_/http://www.qlsn.com/sdbook/index.asp?forumid=1&fn=0&page=2&action=,2009,,img,http://www.qlsn.com/sdbook/img/1/hot.gif
http://www.qlsn.com/sdbook/index.asp?forumid=1&fn=0&page=2&action=,https://web.archive.org/web/20110918112837id_/http://www.qlsn.com/sdbook/index.asp?forumid=1&fn=0&page=2&action=,2009,,img,http://www.qlsn.com/sdbook/img/1/jd-to.gif
http://www.qlsn.com/sdbook/index.asp?forumid=1&fn=0&page=2&action=,https://web.archive.org/web/20110918112837id_/http://www.qlsn.com/sdbook/index.asp?forumid=1&fn=0&page=2&action=,2009,,img,http://www.qlsn.com/sdbook/img/1/nofollow.gif
http://www.qlsn.com/sdbook/index.asp?forumid=1&fn=0&page=2&action=,https://web.archive.org/web/20110918112837id_/http://www.qlsn.com/sdbook/index.asp?forumid=1&fn=0&page=2&action=,2009,,img,http://www.qlsn.com/sdbook/img/1/jd-to.gif
http://www.qlsn.com/sdbook/index.asp?forumid=1&fn=0&page=2&action=,https://web.archive.org/web/20110918112837id_/http://www.qlsn.com/sdbook/index.asp?forumid=1&fn=0&page=2&action=,2009,,img,http://www.qlsn.com/sdbook/img/1/nofollow.gif
http://www.qlsn.com/sdbook/index.asp?forumid=1&fn=0&page=2&action=,https://web.archive.org/web/20110918112837id_/http://www.qlsn.com/sdbook/index.asp?forumid=1&fn=0&page=2&action=,2009,,img,http://www.qlsn.com/sdbook/img/1/T_bottomleft.gif
http://www.qlsn.com/sdbook/index.asp?forumid=1&fn=0&page=2&action=,https://web.archive.org/web/20110918112837id_/http://www.qlsn.com/sdbook/index.asp?forumid=1&fn=0&page=2&action=,2009,,img,http://www.qlsn.com/sdbook/img/1/T_bottomright.gif
http://www.qlsn.com/sdbook/index.asp?forumid=1&fn=0&page=2&action=,https://web.archive.org/web/20110918112837id_/http://www.qlsn.com/sdbook/index.asp?forumid=1&fn=0&page=2&action=,2009,,img,http://www.qlsn.com/sdbook/img/1/p1.gif
http://www.qlsn.com/sdbook/index.asp?forumid=1&fn=0&page=2&action=,https://web.archive.org/web/20110918112837id_/http://www.qlsn.com/sdbook/index.asp?forumid=1&fn=0&page=2&action=,2009,,img,http://www.qlsn.com/sdbook/img/1/p2.gif
http://www.qlsn.com/sdbook/index.asp?forumid=1&fn=0&page=2&action=,https://web.archive.org/web/20110918112837id_/http://www.qlsn.com/sdbook/index.asp?forumid=1&fn=0&page=2&action=,2009,,img,http://www.qlsn.com/sdbook/img/1/p3.gif
http://www.qlsn.com/sdbook/index.asp?forumid=1&fn=0&page=2&action=,https://web.archive.org/web/20110918112837id_/http://www.qlsn.com/sdbook/index.asp?forumid=1&fn=0&page=2&action=,2009,,img,http://www.qlsn.com/sdbook/img/1/p4.gif
http://www.qlsn.com/sdbook/index.asp?action=UbbHelp&forumid=1,http://web.archive.org/web/20110918072946id_/http://www.qlsn.com:80/sdbook/index.asp?action=UbbHelp&forumid=1,2009,,img,http://www.qlsn.com/sdbook/img/1/logo.gif
http://www.qlsn.com/sdbook/index.asp?action=UbbHelp&forumid=1,http://web.archive.org/web/20110918072946id_/http://www.qlsn.com:80/sdbook/index.asp?action=UbbHelp&forumid=1,2009,,img,http://www.qlsn.com/sdbook/img/1/banner.gif
http://www.qlsn.com/sdbook/index.asp?action=UbbHelp&forumid=1,http://web.archive.org/web/20110918072946id_/http://www.qlsn.com:80/sdbook/index.asp?action=UbbHelp&forumid=1,2009,,img,http://www.qlsn.com/sdbook/img/1/right_logo.gif
http://www.qlsn.com/sdbook/index.asp?action=UbbHelp&forumid=1,http://web.archive.org/web/20110918072946id_/http://www.qlsn.com:80/sdbook/index.asp?action=UbbHelp&forumid=1,2009,,img,http://www.qlsn.com/sdbook/img/1/rss.gif
http://www.qlsn.com/sdbook/index.asp?action=UbbHelp&forumid=1,http://web.archive.org/web/20110918072946id_/http://www.qlsn.com:80/sdbook/index.asp?action=UbbHelp&forumid=1,2009,,img,http://www.qlsn.com/sdbook/img/1/Forum_nav.gif
http://www.qlsn.com/sdbook/index.asp?action=UbbHelp&forumid=1,http://web.archive.org/web/20110918072946id_/http://www.qlsn.com:80/sdbook/index.asp?action=UbbHelp&forumid=1,2009,,img,http://www.qlsn.com/sdbook/img/1/post.gif
http://www.qlsn.com/sdbook/index.asp?action=Best_Topics&forumid=1,http://web.archive.org/web/20110918183655id_/http://www.qlsn.com:80/sdbook/index.asp?action=Best_Topics&forumid=1,2009,,img,http://www.qlsn.com/sdbook/img/1/logo.gif
http://www.qlsn.com/sdbook/index.asp?action=Best_Topics&forumid=1,http://web.archive.org/web/20110918183655id_/http://www.qlsn.com:80/sdbook/index.asp?action=Best_Topics&forumid=1,2009,,img,http://www.qlsn.com/sdbook/img/1/banner.gif
http://www.qlsn.com/sdbook/index.asp?action=Best_Topics&forumid=1,http://web.archive.org/web/20110918183655id_/http://www.qlsn.com:80/sdbook/index.asp?action=Best_Topics&forumid=1,2009,,img,http://www.qlsn.com/sdbook/img/1/right_logo.gif
http://www.qlsn.com/sdbook/index.asp?action=Best_Topics&forumid=1,http://web.archive.org/web/20110918183655id_/http://www.qlsn.com:80/sdbook/index.asp?action=Best_Topics&forumid=1,2009,,img,http://www.qlsn.com/sdbook/img/1/rss.gif
http://www.qlsn.com/sdbook/index.asp?action=Best_Topics&forumid=1,http://web.archive.org/web/20110918183655id_/http://www.qlsn.com:80/sdbook/index.asp?action=Best_Topics&forumid=1,2009,,img,http://www.qlsn.com/sdbook/img/1/Forum_nav.gif
http://www.qlsn.com/sdbook/index.asp?action=Best_Topics&forumid=1,http://web.archive.org/web/20110918183655id_/http://www.qlsn.com:80/sdbook/index.asp?action=Best_Topics&forumid=1,2009,,img,http://www.qlsn.com/sdbook/img/1/post.gif
http://www.qlsn.com/sdbook/index.asp?action=Best_Topics&forumid=1,http://web.archive.org/web/20110918183655id_/http://www.qlsn.com:80/sdbook/index.asp?action=Best_Topics&forumid=1,2009,,img,http://www.qlsn.com/sdbook/img/1/p1.gif
http://www.qlsn.com/sdbook/index.asp?action=Best_Topics&forumid=1,http://web.archive.org/web/20110918183655id_/http://www.qlsn.com:80/sdbook/index.asp?action=Best_Topics&forumid=1,2009,,img,http://www.qlsn.com/sdbook/img/1/p2.gif
http://www.qlsn.com/sdbook/index.asp?action=Best_Topics&forumid=1,http://web.archive.org/web/20110918183655id_/http://www.qlsn.com:80/sdbook/index.asp?action=Best_Topics&forumid=1,2009,,img,http://www.qlsn.com/sdbook/img/1/p3.gif
http://www.qlsn.com/sdbook/index.asp?action=Best_Topics&forumid=1,http://web.archive.org/web/20110918183655id_/http://www.qlsn.com:80/sdbook/index.asp?action=Best_Topics&forumid=1,2009,,img,http://www.qlsn.com/sdbook/img/1/p4.gif
http://www.qlsn.com/sdbook/index.asp?action=Best_Topics&forumid=1,http://web.archive.org/web/20110918183655id_/http://www.qlsn.com:80/sdbook/index.asp?action=Best_Topics&forumid=1,2009,,img,http://www.qlsn.com/sdbook/img/1/T_left.gif
http://www.qlsn.com/sdbook/index.asp?action=Best_Topics&forumid=1,http://web.archive.org/web/20110918183655id_/http://www.qlsn.com:80/sdbook/index.asp?action=Best_Topics&forumid=1,2009,,img,http://www.qlsn.com/sdbook/img/1/T_right.gif
http://www.qlsn.com/sdbook/index.asp?action=Best_Topics&forumid=1,http://web.archive.org/web/20110918183655id_/http://www.qlsn.com:80/sdbook/index.asp?action=Best_Topics&forumid=1,2009,,img,http://www.qlsn.com/sdbook/img/1/topic_jinghua.gif
http://www.qlsn.com/sdbook/index.asp?action=Best_Topics&forumid=1,http://web.archive.org/web/20110918183655id_/http://www.qlsn.com:80/sdbook/index.asp?action=Best_Topics&forumid=1,2009,,img,http://www.qlsn.com/sdbook/img/1/plus.gif
http://www.qlsn.com/sdbook/index.asp?action=Best_Topics&forumid=1,http://web.archive.org/web/20110918183655id_/http://www.qlsn.com:80/sdbook/index.asp?action=Best_Topics&forumid=1,2009,,img,http://www.qlsn.com/sdbook/img/1/nofollow.gif
http://www.qlsn.com/sdbook/index.asp?action=Best_Topics&forumid=1,http://web.archive.org/web/20110918183655id_/http://www.qlsn.com:80/sdbook/index.asp?action=Best_Topics&forumid=1,2009,,img,http://www.qlsn.com/sdbook/img/1/topic_jinghua.gif
http://www.qlsn.com/sdbook/index.asp?action=Best_Topics&forumid=1,http://web.archive.org/web/20110918183655id_/http://www.qlsn.com:80/sdbook/index.asp?action=Best_Topics&forumid=1,2009,,img,http://www.qlsn.com/sdbook/img/1/plus.gif
http://www.qlsn.com/sdbook/index.asp?action=Best_Topics&forumid=1,http://web.archive.org/web/20110918183655id_/http://www.qlsn.com:80/sdbook/index.asp?action=Best_Topics&forumid=1,2009,,img,http://www.qlsn.com/sdbook/img/1/nofollow.gif
http://www.qlsn.com/sdbook/index.asp?action=Best_Topics&forumid=1,http://web.archive.org/web/20110918183655id_/http://www.qlsn.com:80/sdbook/index.asp?action=Best_Topics&forumid=1,2009,,img,http://www.qlsn.com/sdbook/img/1/hot.gif
http://www.qlsn.com/sdbook/index.asp?action=Best_Topics&forumid=1,http://web.archive.org/web/20110918183655id_/http://www.qlsn.com:80/sdbook/index.asp?action=Best_Topics&forumid=1,2009,,img,http://www.qlsn.com/sdbook/img/1/T_bottomleft.gif
http://www.qlsn.com/sdbook/index.asp?action=Best_Topics&forumid=1,http://web.archive.org/web/20110918183655id_/http://www.qlsn.com:80/sdbook/index.asp?action=Best_Topics&forumid=1,2009,,img,http://www.qlsn.com/sdbook/img/1/T_bottomright.gif
http://www.qlsn.com/sdbook/index.asp?action=Best_Topics&forumid=1,http://web.archive.org/web/20110918183655id_/http://www.qlsn.com:80/sdbook/index.asp?action=Best_Topics&forumid=1,2009,,img,http://www.qlsn.com/sdbook/img/1/p1.gif
http://www.qlsn.com/sdbook/index.asp?action=Best_Topics&forumid=1,http://web.archive.org/web/20110918183655id_/http://www.qlsn.com:80/sdbook/index.asp?action=Best_Topics&forumid=1,2009,,img,http://www.qlsn.com/sdbook/img/1/p2.gif
http://www.qlsn.com/sdbook/index.asp?action=Best_Topics&forumid=1,http://web.archive.org/web/20110918183655id_/http://www.qlsn.com:80/sdbook/index.asp?action=Best_Topics&forumid=1,2009,,img,http://www.qlsn.com/sdbook/img/1/p3.gif
http://www.qlsn.com/sdbook/index.asp?action=Best_Topics&forumid=1,http://web.archive.org/web/20110918183655id_/http://www.qlsn.com:80/sdbook/index.asp?action=Best_Topics&forumid=1,2009,,img,http://www.qlsn.com/sdbook/img/1/p4.gif
http://www.qlsn.com/sdbook/index.asp?action=member_login&forumid=1,https://web.archive.org/web/20110918063503if_/http://www.qlsn.com/sdbook/index.asp?action=member_login&forumid=1,2009,,img,http://www.qlsn.com/sdbook/img/1/logo.gif
http://www.qlsn.com/sdbook/index.asp?action=member_login&forumid=1,https://web.archive.org/web/20110918063503if_/http://www.qlsn.com/sdbook/index.asp?action=member_login&forumid=1,2009,,img,http://www.qlsn.com/sdbook/img/1/banner.gif
http://www.qlsn.com/sdbook/index.asp?action=member_login&forumid=1,https://web.archive.org/web/20110918063503if_/http://www.qlsn.com/sdbook/index.asp?action=member_login&forumid=1,2009,,img,http://www.qlsn.com/sdbook/img/1/right_logo.gif
http://www.qlsn.com/sdbook/index.asp?action=member_login&forumid=1,https://web.archive.org/web/20110918063503if_/http://www.qlsn.com/sdbook/index.asp?action=member_login&forumid=1,2009,,img,http://www.qlsn.com/sdbook/img/1/rss.gif
http://www.qlsn.com/sdbook/index.asp?action=member_login&forumid=1,https://web.archive.org/web/20110918063503if_/http://www.qlsn.com/sdbook/index.asp?action=member_login&forumid=1,2009,,img,http://www.qlsn.com/sdbook/img/1/Forum_nav.gif
http://www.qlsn.com/sdbook/index.asp?action=member_login&forumid=1,https://web.archive.org/web/20110918063503if_/http://www.qlsn.com/sdbook/index.asp?action=member_login&forumid=1,2009,,img,http://www.qlsn.com/sdbook/img/1/post.gif
