seed_id,seed_archive_url,seed_encoding,anchor_text,route_type,original_url,snapshot_timestamp,archive_url,digest,snapshot_source,title,site_date,author,source_text,issue_number,encoding,identity_verified,metadata_excerpt,fetch_error
2007_nov_home,https://web.archive.org/web/20071103154018id_/http://www.qlsn.com:80/,gb18030,“我是……”主题作文征...,announce,http://www.qlsn.com/announce_view.asp?id=100,,,,error,“我是……”主题作文征...,,,,,,,,URLError: <urlopen error timed out>
2009_aug_home,https://web.archive.org/web/20090830081307id_/http://www.qlsn.com:80/,gb18030,“作文咚咚锵”征稿启事,announce,http://www.qlsn.com/announce_view.asp?id=123,,,,error,“作文咚咚锵”征稿启事,,,,,,,,URLError: <urlopen error timed out>
2009_aug_home,https://web.archive.org/web/20090830081307id_/http://www.qlsn.com:80/,gb18030,“‘放学路上’征文”一...,announce,http://www.qlsn.com/announce_view.asp?id=124,,,,error,“‘放学路上’征文”一...,,,,,,,,URLError: <urlopen error timed out>
2009_aug_home,https://web.archive.org/web/20090830081307id_/http://www.qlsn.com:80/,gb18030,关于举办齐鲁少年小记者...,announce,http://www.qlsn.com/announce_view.asp?id=146,,,,error,关于举办齐鲁少年小记者...,,,,,,,,URLError: <urlopen error timed out>
2009_dec_home,https://web.archive.org/web/20091225202932id_/http://www.qlsn.com:80/,gb18030,本期话题讨论,announce,http://www.qlsn.com/announce_view.asp?id=181,,,,error,本期话题讨论,,,,,,,,URLError: <urlopen error timed out>
2009_dec_home,https://web.archive.org/web/20091225202932id_/http://www.qlsn.com:80/,gb18030,征文启事（858期）,announce,http://www.qlsn.com/announce_view.asp?id=185,,,,error,征文启事（858期）,,,,,,,,URLError: <urlopen error timed out>
2009_dec_home,https://web.archive.org/web/20091225202932id_/http://www.qlsn.com:80/,gb18030,中国少年先锋队建队60...,announce,http://www.qlsn.com/announce_view.asp?id=198,,,,error,中国少年先锋队建队60...,,,,,,,,URLError: <urlopen error timed out>
2009_dec_home,https://web.archive.org/web/20091225202932id_/http://www.qlsn.com:80/,gb18030,你说我说大家说11月话...,announce,http://www.qlsn.com/announce_view.asp?id=215,,,,error,你说我说大家说11月话...,,,,,,,,URLError: <urlopen error timed out>
2009_dec_home,https://web.archive.org/web/20091225202932id_/http://www.qlsn.com:80/,gb18030,留守孩子，你们安全吗？...,announce,http://www.qlsn.com/announce_view.asp?id=222,,,,error,留守孩子，你们安全吗？...,,,,,,,,URLError: <urlopen error _ssl.c:993: The handshake operation timed out>
2007_jun_home,https://web.archive.org/web/20070623224142id_/http://www.qlsn.com/index.asp,gb18030,关于开展红领巾“长征7...,announce,http://www.qlsn.com/announce_view.asp?id=68,20070623223133,https://web.archive.org/web/20070623223133id_/http://www.qlsn.com/announce_view.asp?id=68,WGN54NUPNBI7GQ6F26JCKJKQ5IQGYHTS,local_inventory,关于开展红领巾“长征7...,,,,,,,,
2007_jun_home,https://web.archive.org/web/20070623224142id_/http://www.qlsn.com/index.asp,gb18030,作文咚咚锵《感动瞬间》...,announce,http://www.qlsn.com/announce_view.asp?id=76,,,,error,作文咚咚锵《感动瞬间》...,,,,,,,,URLError: <urlopen error [Errno 111] Connection refused>
2007_nov_home,https://web.archive.org/web/20071103154018id_/http://www.qlsn.com:80/,gb18030,我的队报我做主——《齐...,announce,http://www.qlsn.com/announce_view.asp?id=78,,,,not_found,我的队报我做主——《齐...,,,,,,,,
2007_nov_home,https://web.archive.org/web/20071103154018id_/http://www.qlsn.com:80/,gb18030,想成为齐鲁少年小记者的...,announce,http://www.qlsn.com/announce_view.asp?id=79,,,,error,想成为齐鲁少年小记者的...,,,,,,,,URLError: <urlopen error timed out>
2007_nov_home,https://web.archive.org/web/20071103154018id_/http://www.qlsn.com:80/,gb18030,我的队报我作主，选出你...,announce,http://www.qlsn.com/announce_view.asp?id=93,,,,error,我的队报我作主，选出你...,,,,,,,,URLError: <urlopen error [Errno 111] Connection refused>
2007_nov_home,https://web.archive.org/web/20071103154018id_/http://www.qlsn.com:80/,gb18030,857087447——...,announce,http://www.qlsn.com/announce_view.asp?id=96,,,,error,857087447——...,,,,,,,,URLError: <urlopen error timed out>
2007_jun_home,https://web.archive.org/web/20070623224142id_/http://www.qlsn.com/index.asp,gb18030,我的同桌,article,http://www.qlsn.com/article_view.asp?id=219,20070623224326,https://web.archive.org/web/20070623224326id_/http://www.qlsn.com/article_view.asp?id=219,JWE6DHIIEFKBLAQ26TBWKQ6EL5BA6Q6E,local_inventory,我的同桌,2007-1-18,齐鲁少年,齐鲁少年（745期）,745,gb18030,yes,齐鲁少年 - 浏览文章 网站首页 | 本报新闻 | 公告栏 | 美文选登 | 快乐下载 | 图片 | 站内搜索 | 过客留言 | 少年论坛 [ 习作精选 ] | [ 电脑知识 ] | [ 家庭教育 ] | [ 成长乐园 ] | [ 名师讲坛 ] | 浏览文章 我的同桌 【日期】2007-1-18 【人气】151 【作者】齐鲁少年 【来源】齐鲁少年（745期） 唉，老师怎么让他和我一个桌呢？他可是我们班男生里最凶的一个啦！ 我偷偷地瞅了他一眼，他正埋头写什么，那长长的脸，上翘的鼻子，还有一张噘噘嘴，在我眼里有些讨厌，真不愿意让他做我的同桌。 但慢慢地，我发现他并不像我原来认为的那么讨厌。有一次，我的钢笔帽不见了，我找了桌子腿的四周没有，又把板凳的前面和后面都找遍了，还是没有找到。我自言自语地说：“我的钢笔帽在哪里呢？”他听了这话，就默默地帮我找了起来，后来终于在讲台的角落里找到了我丢失的钢笔帽。原来他还有那么热心的一面啊！ 我感觉自己过去真是误会同桌了。 邹城市太平镇秦庄小学三年级 秦竹君 指导教师 张义华 【 评论 】【 打印 】 相关评论 ·暂时没有评论 查看更多评论或参加评论 :: 关于我们 :: 联系管理员 :: 友情链接 :: 版权声明 :: 齐鲁少年报简介 :: 联系我们 :: 后台管理 Copyright © 2004 - 2005 程序核心: qlsn.com 效果美化: 苍天一笑 . All Rights Reserved. 页面执行时间：187.500 毫秒,
2007_jun_home,https://web.archive.org/web/20070623224142id_/http://www.qlsn.com/index.asp,gb18030,你知道1+1＞2吗,article,http://www.qlsn.com/article_view.asp?id=221,20070625133830,https://web.archive.org/web/20070625133830id_/http://www.qlsn.com/article_view.asp?id=221,XHUDRYZT3KFQMNTEZIN7S7YSXD3SDJAQ,local_inventory,你知道1+1＞2吗,2007-1-18,齐鲁少年,齐鲁少年（745期）,745,gb18030,yes,齐鲁少年 - 浏览文章 网站首页 | 本报新闻 | 公告栏 | 美文选登 | 快乐下载 | 图片 | 站内搜索 | 过客留言 | 少年论坛 [ 习作精选 ] | [ 电脑知识 ] | [ 家庭教育 ] | [ 成长乐园 ] | [ 名师讲坛 ] | 浏览文章 你知道1+1＞2吗 【日期】2007-1-18 【人气】135 【作者】齐鲁少年 【来源】齐鲁少年（745期） 小问兜的话：大家一定很想知道今天来的神秘嘉宾是谁吧？由于他送给大家的见面礼太需要精心准备了，所以推迟一期和大家见面。快点欢迎济宁市任城区实验小学的王兆勤老师吧。为什么说他神秘？因为他能教你学课文和学作文一举两得呀。好了，还是赶快来听听王老师的“写作秘笈”吧！ 课本=优秀作文选 我们都知道“读书破万卷，下笔如有神”，说的是读书和作文的关系很密切。书读得多，读得好，写起文章来自然得心应手。这条宝贵的学习经验，对一些认为作文难写，对写作文不感兴趣的同学，是一剂对症的良药。即使对作文很感兴趣，成绩不错的同学，也会有很大的启发哦！ 好书能塑造一个人选书好比选朋友，无益的书也会逐渐让人变得平庸。在这里向大家强烈推荐对你有用的书：课本。如果能把读课文当成是在读一本经典作文选，心理上学习的压力也会减轻了呢！ 入选语文课本的文章，每一篇都是内容健康、语言优美、表现得法的优秀“作文”。这些文章，体裁多样，程度适当，能够全面地体现我们应当掌握的作文基础知识和基本技能。其中的“习作例文”，应当是我们写作文时的参照；“读写例话”则深入浅出地告诉我们系统的读写知识；还有“基础训练”中的许多习题。不但指导我们应当写些什么，还把学习方法渗透在中间，让我们去体会琢磨。如果不重视或不懂得利用语文课文去多方面地学习作文，提高自己的习作能力，那实在是太可惜了！ 模仿：打好基本功 我们都知道，“模仿”是一种重要的学习方法，习字要临帖，画画要临摹，作文,
2007_jun_home,https://web.archive.org/web/20070623224142id_/http://www.qlsn.com/index.asp,gb18030,森林里的春节联欢晚会,article,http://www.qlsn.com/article_view.asp?id=216,20070623223054,https://web.archive.org/web/20070623223054id_/http://www.qlsn.com/article_view.asp?id=216,UIIYTAB3DDU4K2H77CRT7LRHT6ERSX2Y,local_inventory,森林里的春节联欢晚会,,,,,,,,URLError: <urlopen error timed out>
2007_jun_home,https://web.archive.org/web/20070623224142id_/http://www.qlsn.com/index.asp,gb18030,妈妈，我想对您说,article,http://www.qlsn.com/article_view.asp?id=217,,,,not_found,妈妈，我想对您说,,,,,,,,
2007_jun_home,https://web.archive.org/web/20070623224142id_/http://www.qlsn.com/index.asp,gb18030,神奇的大自然,article,http://www.qlsn.com/article_view.asp?id=218,,,,not_found,神奇的大自然,,,,,,,,
2007_jun_home,https://web.archive.org/web/20070623224142id_/http://www.qlsn.com/index.asp,gb18030,成功来自努力,article,http://www.qlsn.com/article_view.asp?id=220,,,,not_found,成功来自努力,,,,,,,,
2007_nov_home,https://web.archive.org/web/20071103154018id_/http://www.qlsn.com:80/,gb18030,784期队旗飘飘,article,http://www.qlsn.com/article_view.asp?id=234,,,,error,784期队旗飘飘,,,,,,,,URLError: <urlopen error [Errno 111] Connection refused>
2007_nov_home,https://web.archive.org/web/20071103154018id_/http://www.qlsn.com:80/,gb18030,785期,article,http://www.qlsn.com/article_view.asp?id=236,,,,error,785期,,,,,,,,URLError: <urlopen error [Errno 111] Connection refused>
2007_nov_home,https://web.archive.org/web/20071103154018id_/http://www.qlsn.com:80/,gb18030,785期,article,http://www.qlsn.com/article_view.asp?id=237,,,,error,785期,,,,,,,,URLError: <urlopen error [Errno 111] Connection refused>
2007_nov_home,https://web.archive.org/web/20071103154018id_/http://www.qlsn.com:80/,gb18030,786期,article,http://www.qlsn.com/article_view.asp?id=238,,,,error,786期,,,,,,,,URLError: <urlopen error [Errno 111] Connection refused>
2007_nov_home,https://web.archive.org/web/20071103154018id_/http://www.qlsn.com:80/,gb18030,786期,article,http://www.qlsn.com/article_view.asp?id=239,,,,error,786期,,,,,,,,URLError: <urlopen error timed out>
2007_nov_home,https://web.archive.org/web/20071103154018id_/http://www.qlsn.com:80/,gb18030,787期,article,http://www.qlsn.com/article_view.asp?id=240,,,,error,787期,,,,,,,,URLError: <urlopen error timed out>
2009_aug_home,https://web.archive.org/web/20090830081307id_/http://www.qlsn.com:80/,gb18030,弟弟的心事,article,http://www.qlsn.com/article_view.asp?id=716,,,,error,弟弟的心事,,,,,,,,URLError: <urlopen error timed out>
2009_aug_home,https://web.archive.org/web/20090830081307id_/http://www.qlsn.com:80/,gb18030,我发现树在哭诉,article,http://www.qlsn.com/article_view.asp?id=717,,,,error,我发现树在哭诉,,,,,,,,URLError: <urlopen error timed out>
2009_aug_home,https://web.archive.org/web/20090830081307id_/http://www.qlsn.com:80/,gb18030,弟弟的秘密被我发现了,article,http://www.qlsn.com/article_view.asp?id=718,,,,error,弟弟的秘密被我发现了,,,,,,,,URLError: <urlopen error timed out>
2009_aug_home,https://web.archive.org/web/20090830081307id_/http://www.qlsn.com:80/,gb18030,我发现了小鱼之后……,article,http://www.qlsn.com/article_view.asp?id=719,,,,error,我发现了小鱼之后……,,,,,,,,URLError: <urlopen error timed out>
2009_aug_home,https://web.archive.org/web/20090830081307id_/http://www.qlsn.com:80/,gb18030,我发现了草虫的村落,article,http://www.qlsn.com/article_view.asp?id=720,,,,error,我发现了草虫的村落,,,,,,,,URLError: <urlopen error timed out>
2009_aug_home,https://web.archive.org/web/20090830081307id_/http://www.qlsn.com:80/,gb18030,故事接龙,article,http://www.qlsn.com/article_view.asp?id=721,,,,error,故事接龙,,,,,,,,URLError: <urlopen error timed out>
2009_dec_home,https://web.archive.org/web/20091225202932id_/http://www.qlsn.com:80/,gb18030,队旗飘飘（900期）,article,http://www.qlsn.com/article_view.asp?id=830,,,,error,队旗飘飘（900期）,,,,,,,,TimeoutError: The read operation timed out
2009_dec_home,https://web.archive.org/web/20091225202932id_/http://www.qlsn.com:80/,gb18030,烦恼防火墙（899期）,article,http://www.qlsn.com/article_view.asp?id=831,,,,not_found,烦恼防火墙（899期）,,,,,,,,
2009_dec_home,https://web.archive.org/web/20091225202932id_/http://www.qlsn.com:80/,gb18030,小蜘蛛决战大苍蝇（899期）,article,http://www.qlsn.com/article_view.asp?id=832,,,,error,小蜘蛛决战大苍蝇（899期）,,,,,,,,URLError: <urlopen error timed out>
2009_dec_home,https://web.archive.org/web/20091225202932id_/http://www.qlsn.com:80/,gb18030,别让爱太沉重（899期）,article,http://www.qlsn.com/article_view.asp?id=833,,,,error,别让爱太沉重（899期）,,,,,,,,URLError: <urlopen error timed out>
2009_dec_home,https://web.archive.org/web/20091225202932id_/http://www.qlsn.com:80/,gb18030,谢谢您，李老师（899期）,article,http://www.qlsn.com/article_view.asp?id=834,,,,error,谢谢您，李老师（899期）,,,,,,,,URLError: <urlopen error timed out>
2009_dec_home,https://web.archive.org/web/20091225202932id_/http://www.qlsn.com:80/,gb18030,种豆芽（899期）,article,http://www.qlsn.com/article_view.asp?id=835,,,,not_found,种豆芽（899期）,,,,,,,,
2009_aug_home,https://web.archive.org/web/20090830081307id_/http://www.qlsn.com:80/,gb18030,“绝地”求生（869期）,news,http://www.qlsn.com/news_view.asp?id=193,,,,error,“绝地”求生（869期）,,,,,,,,URLError: <urlopen error timed out>
2009_aug_home,https://web.archive.org/web/20090830081307id_/http://www.qlsn.com:80/,gb18030,恐龙故乡的科学探秘（870期）,news,http://www.qlsn.com/news_view.asp?id=194,,,,error,恐龙故乡的科学探秘（870期）,,,,,,,,URLError: <urlopen error timed out>
2009_aug_home,https://web.archive.org/web/20090830081307id_/http://www.qlsn.com:80/,gb18030,童心唱祖国 快乐迎全运,news,http://www.qlsn.com/news_view.asp?id=195,,,,error,童心唱祖国 快乐迎全运,,,,,,,,URLError: <urlopen error timed out>
2009_aug_home,https://web.archive.org/web/20090830081307id_/http://www.qlsn.com:80/,gb18030,山里娃有了新图书(872期),news,http://www.qlsn.com/news_view.asp?id=196,,,,error,山里娃有了新图书(872期),,,,,,,,URLError: <urlopen error timed out>
2009_aug_home,https://web.archive.org/web/20090830081307id_/http://www.qlsn.com:80/,gb18030,33滴“净水剂”（873期）,news,http://www.qlsn.com/news_view.asp?id=197,,,,error,33滴“净水剂”（873期）,,,,,,,,URLError: <urlopen error [Errno 111] Connection refused>
2009_dec_home,https://web.archive.org/web/20091225202932id_/http://www.qlsn.com:80/,gb18030,叽叽喳喳“小八卦”（895期）,news,http://www.qlsn.com/news_view.asp?id=220,,,,error,叽叽喳喳“小八卦”（895期）,,,,,,,,URLError: <urlopen error timed out>
2009_dec_home,https://web.archive.org/web/20091225202932id_/http://www.qlsn.com:80/,gb18030,“一个”和“一群”，到底谁有理？（8...,news,http://www.qlsn.com/news_view.asp?id=221,,,,not_found,“一个”和“一群”，到底谁有理？（8...,,,,,,,,
2009_dec_home,https://web.archive.org/web/20091225202932id_/http://www.qlsn.com:80/,gb18030,她的绰号“智能牛魔王”（897期）,news,http://www.qlsn.com/news_view.asp?id=223,,,,error,她的绰号“智能牛魔王”（897期）,,,,,,,,URLError: <urlopen error timed out>
2009_dec_home,https://web.archive.org/web/20091225202932id_/http://www.qlsn.com:80/,gb18030,“国际儿童墙”上的山东女孩（898期）,news,http://www.qlsn.com/news_view.asp?id=224,,,,error,“国际儿童墙”上的山东女孩（898期）,,,,,,,,URLError: <urlopen error timed out>
2009_dec_home,https://web.archive.org/web/20091225202932id_/http://www.qlsn.com:80/,gb18030,贾雯晶的“特殊任务”（899期）,news,http://www.qlsn.com/news_view.asp?id=225,,,,error,贾雯晶的“特殊任务”（899期）,,,,,,,,URLError: <urlopen error timed out>
2007_jun_home,https://web.archive.org/web/20070623224142id_/http://www.qlsn.com/index.asp,gb18030,探源村名文化,news,http://www.qlsn.com/news_view.asp?id=89,,,,error,探源村名文化,,,,,,,,URLError: <urlopen error [Errno 111] Connection refused>
2007_jun_home,https://web.archive.org/web/20070623224142id_/http://www.qlsn.com/index.asp,gb18030,高青县樊林小学,news,http://www.qlsn.com/news_view.asp?id=90,20070625133813,https://web.archive.org/web/20070625133813id_/http://www.qlsn.com/news_view.asp?id=90,HENVWQGMORJ42SSS4ZXNLQY4KEWAIVZM,local_inventory,高青县樊林小学,,,,,,,,
2007_jun_home,https://web.archive.org/web/20070623224142id_/http://www.qlsn.com/index.asp,gb18030,沟通让爱的心靠得更近,news,http://www.qlsn.com/news_view.asp?id=91,,,,error,沟通让爱的心靠得更近,,,,,,,,URLError: <urlopen error [Errno 111] Connection refused>
2007_jun_home,https://web.archive.org/web/20070623224142id_/http://www.qlsn.com/index.asp,gb18030,手拉手 共进步,news,http://www.qlsn.com/news_view.asp?id=92,,,,not_found,手拉手 共进步,,,,,,,,
2007_nov_home,https://web.archive.org/web/20071103154018id_/http://www.qlsn.com:80/,gb18030,我的队报我作主，选出你最喜爱的报标！,news,http://www.qlsn.com/news_view.asp?id=94,,,,error,我的队报我作主，选出你最喜爱的报标！,,,,,,,,URLError: <urlopen error [Errno 111] Connection refused>
2007_nov_home,https://web.archive.org/web/20071103154018id_/http://www.qlsn.com:80/,gb18030,857087447——专门为齐鲁少年...,news,http://www.qlsn.com/news_view.asp?id=95,,,,error,857087447——专门为齐鲁少年...,,,,,,,,URLError: <urlopen error [Errno 111] Connection refused>
2007_nov_home,https://web.archive.org/web/20071103154018id_/http://www.qlsn.com:80/,gb18030,带颜色的暑假记忆 780期,news,http://www.qlsn.com/news_view.asp?id=97,,,,error,带颜色的暑假记忆 780期,,,,,,,,URLError: <urlopen error [Errno 111] Connection refused>
2007_nov_home,https://web.archive.org/web/20071103154018id_/http://www.qlsn.com:80/,gb18030,离梦想又近了（第780期）,news,http://www.qlsn.com/news_view.asp?id=98,,,,error,离梦想又近了（第780期）,,,,,,,,URLError: <urlopen error timed out>
2007_nov_home,https://web.archive.org/web/20071103154018id_/http://www.qlsn.com:80/,gb18030,山外来的小老师（第781期）,news,http://www.qlsn.com/news_view.asp?id=99,,,,not_found,山外来的小老师（第781期）,,,,,,,,
2007_nov_home,https://web.archive.org/web/20071103154018id_/http://www.qlsn.com:80/,gb18030,,pic,http://www.qlsn.com/pic_view.asp?id=188,,,,not_found,,,,,,,,,
2007_nov_home,https://web.archive.org/web/20071103154018id_/http://www.qlsn.com:80/,gb18030,,pic,http://www.qlsn.com/pic_view.asp?id=189,,,,error,,,,,,,,,URLError: <urlopen error [Errno 111] Connection refused>
2007_nov_home,https://web.archive.org/web/20071103154018id_/http://www.qlsn.com:80/,gb18030,,pic,http://www.qlsn.com/pic_view.asp?id=190,,,,error,,,,,,,,,URLError: <urlopen error timed out>
2007_nov_home,https://web.archive.org/web/20071103154018id_/http://www.qlsn.com:80/,gb18030,,pic,http://www.qlsn.com/pic_view.asp?id=191,20070625133905,https://web.archive.org/web/20070625133905id_/http://www.qlsn.com/pic_view.asp?id=191,IGJFRL7GAIC3BWFTLDDCIBJYF4KDXHWG,local_inventory,,,,,,,,,
2009_aug_home,https://web.archive.org/web/20090830081307id_/http://www.qlsn.com:80/,gb18030,,pic,http://www.qlsn.com/pic_view.asp?id=378,,,,error,,,,,,,,,URLError: <urlopen error timed out>
2009_aug_home,https://web.archive.org/web/20090830081307id_/http://www.qlsn.com:80/,gb18030,,pic,http://www.qlsn.com/pic_view.asp?id=380,,,,error,,,,,,,,,URLError: <urlopen error timed out>
2009_aug_home,https://web.archive.org/web/20090830081307id_/http://www.qlsn.com:80/,gb18030,,pic,http://www.qlsn.com/pic_view.asp?id=381,,,,error,,,,,,,,,URLError: <urlopen error timed out>
2009_aug_home,https://web.archive.org/web/20090830081307id_/http://www.qlsn.com:80/,gb18030,,pic,http://www.qlsn.com/pic_view.asp?id=382,,,,error,,,,,,,,,URLError: <urlopen error timed out>
2009_dec_home,https://web.archive.org/web/20091225202932id_/http://www.qlsn.com:80/,gb18030,,pic,http://www.qlsn.com/pic_view.asp?id=393,,,,error,,,,,,,,,URLError: <urlopen error timed out>
2009_dec_home,https://web.archive.org/web/20091225202932id_/http://www.qlsn.com:80/,gb18030,,pic,http://www.qlsn.com/pic_view.asp?id=394,,,,error,,,,,,,,,URLError: <urlopen error timed out>
2009_dec_home,https://web.archive.org/web/20091225202932id_/http://www.qlsn.com:80/,gb18030,,pic,http://www.qlsn.com/pic_view.asp?id=395,,,,error,,,,,,,,,URLError: <urlopen error timed out>
2009_dec_home,https://web.archive.org/web/20091225202932id_/http://www.qlsn.com:80/,gb18030,,pic,http://www.qlsn.com/pic_view.asp?id=396,,,,not_found,,,,,,,,,
