page,section,publication_date_from_url,timestamp,original,statuscode,mimetype,digest
1,qilushaonianyiban,2001-08-03,20021231185211,http://www.dzwww.com:80/qilushaonian/qilushaonianyiban/200108031011.htm,200,text/html,FNYTUOTJR4XEYSQE52FN7UNQOBHQSOQS
1,qilushaonianyiban,2001-08-03,20011231030124,http://www.dzwww.com:80/qilushaonian/qilushaonianyiban/200108031013.htm,200,text/html,GPXCKQW2XNO25KU3VFA6S7LAUBPSOPPI
1,qilushaonianyiban,2001-08-03,20020810170709,http://www.dzwww.com:80/qilushaonian/qilushaonianyiban/200108031016.htm,200,text/html,WYUX6EICJNDY5WQGD3TLUUSXQC7NOCLS
1,qilushaonianyiban,2001-08-03,20021231192035,http://www.dzwww.com:80/qilushaonian/qilushaonianyiban/200108031018.htm,200,text/html,4F6O43MU7MELGSOT6SWJYCDQCUSZKE2R
1,qilushaonianyiban,,20030429184007,http://www.dzwww.com:80/qilushaonian/qilushaonianyiban/default.htm,200,text/html,RRJZ3Q42RB7B5SPQHXLW6ANJJYL6I3BW
2,qilushaonianerban,2001-08-03,20011231024257,http://www.dzwww.com:80/qilushaonian/qilushaonianerban/200108031038.htm,200,text/html,YVF7TXWRRKJUPLFB3LF6ZI4N6VP36GLL
2,qilushaonianerban,,20021231181048,http://www.dzwww.com:80/qilushaonian/qilushaonianerban/default.htm,200,text/html,IMFTEZN5GI4YXTZX62QOI74KHCIJUV4I
3,qilushaoniansanban,2001-08-03,20020810163731,http://www.dzwww.com:80/qilushaonian/qilushaoniansanban/200108031039.htm,200,text/html,J34F4OR5TIUZ7S77QKOLARN3SP3UDNRA
3,qilushaoniansanban,,20020810164123,http://www.dzwww.com:80/qilushaonian/qilushaoniansanban/default.htm,200,text/html,D2PZXCKQ2QGDGVRMN4IDKZUAMEY7GSKN
4,qilushaoniansiban,2001-08-03,20021231192057,http://www.dzwww.com:80/qilushaonian/qilushaoniansiban/200108031022.htm,200,text/html,BB52OZTHI6VEJKAIWPCNASY5CMLEU6F4
4,qilushaoniansiban,2001-08-03,20011231025449,http://www.dzwww.com:80/qilushaonian/qilushaoniansiban/200108031024.htm,200,text/html,TWVR5HNBUHMEUX2B23W6C5L6U66I5XU3
4,qilushaoniansiban,2001-08-03,20011231030042,http://www.dzwww.com:80/qilushaonian/qilushaoniansiban/200108031025.htm,200,text/html,3XHQDI2DEVLT3V3LHEGFKXQRPAPCJXRY
4,qilushaoniansiban,,20030620174232,http://www.dzwww.com:80/qilushaonian/qilushaoniansiban/default.htm,200,text/html,ZPA7CGDYCHAG2JYQQHOK6GY6VJTLQWCH
