download_id,original_url,resolved_archive_url,title,bytes,direct_file_refs,handler_refs,excerpt,attempts,error
106,http://www.qlsn.com/downloads_view.asp?id=106,,,0,,,,20070625133455:HTTPError: 404 Client Error: NOT FOUND for url: https://web.archive.org/web/20070625133455id_/http://www.qlsn.com/downloads_view.asp?id=106|20070623224226:HTTPError: 404 Client Error: NOT FOUND for url: https://web.archive.org/web/20070623224226id_/http://www.qlsn.com/downloads_view.asp?id=106,no_valid_archived_payload
107,http://www.qlsn.com/downloads_view.asp?id=107,,,0,,,,20070625133455:HTTPError: 404 Client Error: NOT FOUND for url: https://web.archive.org/web/20070625133455id_/http://www.qlsn.com/downloads_view.asp?id=107|20070623224226:HTTPError: 404 Client Error: NOT FOUND for url: https://web.archive.org/web/20070623224226id_/http://www.qlsn.com/downloads_view.asp?id=107,no_valid_archived_payload
108,http://www.qlsn.com/downloads_view.asp?id=108,,,0,,,,20070625133455:HTTPError: 404 Client Error: NOT FOUND for url: https://web.archive.org/web/20070625133455id_/http://www.qlsn.com/downloads_view.asp?id=108|20070623224226:HTTPError: 404 Client Error: NOT FOUND for url: https://web.archive.org/web/20070623224226id_/http://www.qlsn.com/downloads_view.asp?id=108,no_valid_archived_payload
109,http://www.qlsn.com/downloads_view.asp?id=109,,,0,,,,20070625133455:HTTPError: 404 Client Error: NOT FOUND for url: https://web.archive.org/web/20070625133455id_/http://www.qlsn.com/downloads_view.asp?id=109|20070623224226:HTTPError: 404 Client Error: NOT FOUND for url: https://web.archive.org/web/20070623224226id_/http://www.qlsn.com/downloads_view.asp?id=109,no_valid_archived_payload
110,http://www.qlsn.com/downloads_view.asp?id=110,,,0,,,,20070625133455:HTTPError: 404 Client Error: NOT FOUND for url: https://web.archive.org/web/20070625133455id_/http://www.qlsn.com/downloads_view.asp?id=110|20070623224226:HTTPError: 404 Client Error: NOT FOUND for url: https://web.archive.org/web/20070623224226id_/http://www.qlsn.com/downloads_view.asp?id=110,no_valid_archived_payload
111,http://www.qlsn.com/downloads_view.asp?id=111,,,0,,,,20070625133455:HTTPError: 404 Client Error: NOT FOUND for url: https://web.archive.org/web/20070625133455id_/http://www.qlsn.com/downloads_view.asp?id=111|20070623224226:HTTPError: 404 Client Error: NOT FOUND for url: https://web.archive.org/web/20070623224226id_/http://www.qlsn.com/downloads_view.asp?id=111,no_valid_archived_payload
116,http://www.qlsn.com/downloads_view.asp?id=116,,,0,,,,20070625133455:HTTPError: 404 Client Error: NOT FOUND for url: https://web.archive.org/web/20070625133455id_/http://www.qlsn.com/downloads_view.asp?id=116|20070623224226:HTTPError: 404 Client Error: NOT FOUND for url: https://web.archive.org/web/20070623224226id_/http://www.qlsn.com/downloads_view.asp?id=116,no_valid_archived_payload
117,http://www.qlsn.com/downloads_view.asp?id=117,,,0,,,,20070625133455:HTTPError: 404 Client Error: NOT FOUND for url: https://web.archive.org/web/20070625133455id_/http://www.qlsn.com/downloads_view.asp?id=117|20070623224226:HTTPError: 404 Client Error: NOT FOUND for url: https://web.archive.org/web/20070623224226id_/http://www.qlsn.com/downloads_view.asp?id=117,no_valid_archived_payload
118,http://www.qlsn.com/downloads_view.asp?id=118,,,0,,,,20070625133455:HTTPError: 404 Client Error: NOT FOUND for url: https://web.archive.org/web/20070625133455id_/http://www.qlsn.com/downloads_view.asp?id=118|20070623224226:HTTPError: 404 Client Error: NOT FOUND for url: https://web.archive.org/web/20070623224226id_/http://www.qlsn.com/downloads_view.asp?id=118,no_valid_archived_payload
119,http://www.qlsn.com/downloads_view.asp?id=119,,,0,,,,20070625133455:HTTPError: 404 Client Error: NOT FOUND for url: https://web.archive.org/web/20070625133455id_/http://www.qlsn.com/downloads_view.asp?id=119|20070623224226:HTTPError: 404 Client Error: NOT FOUND for url: https://web.archive.org/web/20070623224226id_/http://www.qlsn.com/downloads_view.asp?id=119,no_valid_archived_payload
121,http://www.qlsn.com/downloads_view.asp?id=121,,,0,,,,20070625133455:HTTPError: 404 Client Error: NOT FOUND for url: https://web.archive.org/web/20070625133455id_/http://www.qlsn.com/downloads_view.asp?id=121|20070623224226:HTTPError: 404 Client Error: NOT FOUND for url: https://web.archive.org/web/20070623224226id_/http://www.qlsn.com/downloads_view.asp?id=121,no_valid_archived_payload
122,http://www.qlsn.com/downloads_view.asp?id=122,,,0,,,,20070625133455:HTTPError: 404 Client Error: NOT FOUND for url: https://web.archive.org/web/20070625133455id_/http://www.qlsn.com/downloads_view.asp?id=122|20070623224226:HTTPError: 404 Client Error: NOT FOUND for url: https://web.archive.org/web/20070623224226id_/http://www.qlsn.com/downloads_view.asp?id=122,no_valid_archived_payload
123,http://www.qlsn.com/downloads_view.asp?id=123,,,0,,,,20070625133455:HTTPError: 404 Client Error: NOT FOUND for url: https://web.archive.org/web/20070625133455id_/http://www.qlsn.com/downloads_view.asp?id=123|20070623224226:HTTPError: 404 Client Error: NOT FOUND for url: https://web.archive.org/web/20070623224226id_/http://www.qlsn.com/downloads_view.asp?id=123,no_valid_archived_payload
124,http://www.qlsn.com/downloads_view.asp?id=124,,,0,,,,20070625133455:HTTPError: 404 Client Error: NOT FOUND for url: https://web.archive.org/web/20070625133455id_/http://www.qlsn.com/downloads_view.asp?id=124|20070623224226:HTTPError: 404 Client Error: NOT FOUND for url: https://web.archive.org/web/20070623224226id_/http://www.qlsn.com/downloads_view.asp?id=124,no_valid_archived_payload
125,http://www.qlsn.com/downloads_view.asp?id=125,https://web.archive.org/web/20070623224226id_/http://www.qlsn.com/downloads_view.asp?id=125,齐鲁少年 - 下载软件,16848,,http://www.qlsn.com/downloads_list.asp|http://www.qlsn.com/downloads_list.asp?show=49|http://www.qlsn.com/downloads_list.asp?show=50|http://www.qlsn.com/downloads.asp?id=125&num=2|http://www.qlsn.com/comment.asp?flag=downloads&id=125|http://www.qlsn.com/print.asp?flag=downloads&id=125,齐鲁少年 - 下载软件 网站首页 | 本报新闻 | 公告栏 | 美文选登 | 快乐下载 | 图片 | 站内搜索 | 过客留言 | 少年论坛 关键字： 类别： 新闻 美文选登 软件下载 图片 TOP 5 腾讯QQ2006 B... WinRAR v3.... My MPC 系列·... RealPlayer... 紫光华宇拼音 v4.... [ 常用软件 ] | [ 好玩游戏 ] | 浏览下载 BitComet v0.73 多国语言版 【日期】2006-9-28 软件语言 多国语言 运行环境 Windows 2K/XP 授权方式 免费版 软件开发 齐鲁少年 软件来源 齐鲁少年 软件大小 2960 K 浏览人数 167 下载地址 下载地址1 软件简介 BitComet是基于BitTorrent协议的p2p免费软件；高效的网络内核，多任务同时下载依然保持很少的CPU内存占用；支持对一个Torrent中的文件有选择的下载；磁盘缓存技术，有效减小高速随机读写对硬盘的损伤；只需一个监听端口即可满足所有下载需要；自动保存下载状态，续传无需再次扫描文件，作种子也无需扫描文件；支持多Tracker协议；绿色软件，不需安装，仅运行时关联.torrent文件；多语言界面。原名SimpleBT。 v0.73 2006.9.25更新日志： 界面改进: 添加了下载完成后调用杀毒软件检查病毒的功能 界面改进: 添加了打开已下载的可执行文件时，提示检查病毒的功能 界面改进: 任务列表和文件列表的鼠标右键菜单里添加了检查病毒的菜单项 界面改进: 选项对话框添加了查毒软件设置页面 界面改进: 添加了界面语言翻译对话框 界面改进: 改变任务分类设置时，可同时移动任务的下载文件到新分类所属文件夹 界面改进: BT任务属性对话框添加了任务类别设置 界面改进: BT任务属性对话框添加了单个任务上传、下载限速的选项 界面改进: 添加了打开BCTP链接时不显示确认对话框的选项 界面改进: 移除了主窗口状态栏上的键盘大小写锁定、数字锁定、滚动锁定状态显示 界面修正: 修复了打开torrent文件时，剩余磁盘空间显示错误的问题 界面修正: 修复了在Windows2003中默认同时发起连接数过小的问题 核心改进: 添加了单个BT任务上传、下载限速的功能 核心修正: 修复了启用上传、下载限速功能时，CPU占用过高的问题 【 评论 】【 打印 】 相关评论 ·暂时没有评论 查看更多评论或参加评论 :: 关于我们 :: 联系管理员 :: 友情链接 :: 版权声明 :: 齐鲁少年报简介 :: 联系我们 :: 后台管理 Copyright © 2004 - 2005 程序核心: qlsn.com 效果美化: 苍天一笑 . All Rights Reserved. 页面执行时间：250.000 毫秒,20070625133455:ok,
126,http://www.qlsn.com/downloads_view.asp?id=126,,,0,,,,20070625133455:HTTPError: 404 Client Error: NOT FOUND for url: https://web.archive.org/web/20070625133455id_/http://www.qlsn.com/downloads_view.asp?id=126|20070623224226:HTTPError: 404 Client Error: NOT FOUND for url: https://web.archive.org/web/20070623224226id_/http://www.qlsn.com/downloads_view.asp?id=126,no_valid_archived_payload
127,http://www.qlsn.com/downloads_view.asp?id=127,,,0,,,,20070625133455:HTTPError: 404 Client Error: NOT FOUND for url: https://web.archive.org/web/20070625133455id_/http://www.qlsn.com/downloads_view.asp?id=127|20070623224226:HTTPError: 404 Client Error: NOT FOUND for url: https://web.archive.org/web/20070623224226id_/http://www.qlsn.com/downloads_view.asp?id=127,no_valid_archived_payload
128,http://www.qlsn.com/downloads_view.asp?id=128,,,0,,,,20070625133455:HTTPError: 404 Client Error: NOT FOUND for url: https://web.archive.org/web/20070625133455id_/http://www.qlsn.com/downloads_view.asp?id=128|20070623224226:HTTPError: 404 Client Error: NOT FOUND for url: https://web.archive.org/web/20070623224226id_/http://www.qlsn.com/downloads_view.asp?id=128,no_valid_archived_payload
129,http://www.qlsn.com/downloads_view.asp?id=129,,,0,,,,20070625133455:HTTPError: 404 Client Error: NOT FOUND for url: https://web.archive.org/web/20070625133455id_/http://www.qlsn.com/downloads_view.asp?id=129|20070623224226:HTTPError: 404 Client Error: NOT FOUND for url: https://web.archive.org/web/20070623224226id_/http://www.qlsn.com/downloads_view.asp?id=129,no_valid_archived_payload
