url,ok,resolved_url,content_type,length,error
http://szb.cnssiot.cn/Content/themes/mobileslide/images/help.png,,,,,URLError: <urlopen error [Errno -2] Name or service not known>
http://szb.cnssiot.cn/Content/weixinlogo.png,,,,,URLError: <urlopen error [Errno -2] Name or service not known>
http://szb.cnssiot.cn/Img/2021/12/mobile202112245170816f8aaf438f9a1a9119831a2eab.jpg?editionid=326,,,,,URLError: <urlopen error [Errno -2] Name or service not known>
http://szb.cnssiot.cn/api/Pagelist/48,,,,,URLError: <urlopen error [Errno -2] Name or service not known>
http://szb.cnssiot.cn/content/2021-12/25/edition326_A1.html,,,,,URLError: <urlopen error [Errno -2] Name or service not known>
http://szb.cnssiot.cn/content/2021-12/25/edition327_A3.html,,,,,URLError: <urlopen error [Errno -2] Name or service not known>
http://szb.cnssiot.cn/content/2021-12/25/edition328_A4.html,,,,,URLError: <urlopen error [Errno -2] Name or service not known>
http://szb.cnssiot.cn/content/2021-12/25/edition329_A5.html,,,,,URLError: <urlopen error [Errno -2] Name or service not known>
http://szb.cnssiot.cn/content/2021-12/25/edition330_A6.html,,,,,URLError: <urlopen error [Errno -2] Name or service not known>
http://szb.cnssiot.cn/content/2021-12/25/edition331_A7.html,,,,,URLError: <urlopen error [Errno -2] Name or service not known>
http://szb.cnssiot.cn/content/2021-12/25/edition332_A8.html,,,,,URLError: <urlopen error [Errno -2] Name or service not known>
http://szb.cnssiot.cn/content/2021-12/25/edition333_A2.html,,,,,URLError: <urlopen error [Errno -2] Name or service not known>
http://szb.cnssiot.cn/jquery/dayslist,,,,,URLError: <urlopen error [Errno -2] Name or service not known>
http://szb.cnssiot.cn/jquery/readtitle,,,,,URLError: <urlopen error [Errno -2] Name or service not known>
