entry,kind
paperweb/Comja/pubmobile.js,filename_match
paperweb/Content/nopdf.png,filename_match
paperweb/Content/themes/basic/images/detail/pdf.gif,filename_match
paperweb/Content/themes/daily/images/downpdf.gif,filename_match
paperweb/Content/themes/daily/images/pdficon.jpg,filename_match
paperweb/Content/themes/default/images/pdf_dl.gif,filename_match
paperweb/Content/themes/lightblue/images/pdficon.jpg,filename_match
paperweb/Content/themes/red/images/downpdf.gif,filename_match
paperweb/Content/themes/red/images/pdficon.jpg,filename_match
paperweb/admin/PdfText.aspx,filename_match
paperweb/admin/Pdfadd.aspx,filename_match
paperweb/admin/Pdfedit.aspx,filename_match
paperweb/admin/Pdfmanage.aspx,filename_match
paperweb/admin/controls/Upqipdf.ascx,filename_match
paperweb/admin/images/pdf.jpg,filename_match
paperweb/admin/jquery/PdfProcess.aspx,filename_match
paperweb/bin/PdfCode.dll,filename_match
paperweb/bin/PdfCode.pdb,filename_match
paperweb/editors/ueditor/dialogs/attachment/fileTypeImages/icon_pdf.gif,filename_match
paperweb/admin/Editionadd.aspx,filename_match
paperweb/admin/Editionedit.aspx,filename_match
paperweb/admin/Editionmanage.aspx,filename_match
paperweb/admin/jquery/EditionDel.aspx,filename_match
paperweb/themes/basic/Jquery/Editionlist.aspx,filename_match
paperweb/themes/basic/Magazine/Edition.aspx,filename_match
paperweb/themes/daily/Content/Edition.aspx,filename_match
paperweb/themes/daily/Content/EditionMany.aspx,filename_match
paperweb/themes/daily/Jquery/Editionlist.aspx,filename_match
paperweb/themes/default/Content/Edition.aspx,filename_match
paperweb/themes/default/Jquery/Editionlist.aspx,filename_match
paperweb/themes/lightblue/Content/Edition.aspx,filename_match
paperweb/themes/lightblue/Content/EditionMany.aspx,filename_match
paperweb/themes/lightblue/Jquery/Editionlist.aspx,filename_match
paperweb/themes/red/Content/Edition.aspx,filename_match
paperweb/themes/red/Content/EditionMany.aspx,filename_match
paperweb/themes/red/Jquery/Editionlist.aspx,filename_match
paperweb/Img/,filename_match
paperweb/editors/tiny_mce3.5/plugins/advimage/img/,filename_match
paperweb/editors/tiny_mce3.5/plugins/advimage/img/sample.gif,filename_match
paperweb/editors/tiny_mce3.5/plugins/emotions/img/,filename_match
paperweb/editors/tiny_mce3.5/plugins/emotions/img/smiley-cool.gif,filename_match
paperweb/editors/tiny_mce3.5/plugins/emotions/img/smiley-cry.gif,filename_match
paperweb/editors/tiny_mce3.5/plugins/emotions/img/smiley-embarassed.gif,filename_match
paperweb/editors/tiny_mce3.5/plugins/emotions/img/smiley-foot-in-mouth.gif,filename_match
paperweb/editors/tiny_mce3.5/plugins/emotions/img/smiley-frown.gif,filename_match
paperweb/editors/tiny_mce3.5/plugins/emotions/img/smiley-innocent.gif,filename_match
paperweb/editors/tiny_mce3.5/plugins/emotions/img/smiley-kiss.gif,filename_match
paperweb/editors/tiny_mce3.5/plugins/emotions/img/smiley-laughing.gif,filename_match
paperweb/editors/tiny_mce3.5/plugins/emotions/img/smiley-money-mouth.gif,filename_match
paperweb/editors/tiny_mce3.5/plugins/emotions/img/smiley-sealed.gif,filename_match
paperweb/editors/tiny_mce3.5/plugins/emotions/img/smiley-smile.gif,filename_match
paperweb/editors/tiny_mce3.5/plugins/emotions/img/smiley-surprised.gif,filename_match
paperweb/editors/tiny_mce3.5/plugins/emotions/img/smiley-tongue-out.gif,filename_match
paperweb/editors/tiny_mce3.5/plugins/emotions/img/smiley-undecided.gif,filename_match
paperweb/editors/tiny_mce3.5/plugins/emotions/img/smiley-wink.gif,filename_match
paperweb/editors/tiny_mce3.5/plugins/emotions/img/smiley-yell.gif,filename_match
paperweb/editors/tiny_mce3.5/plugins/example/img/,filename_match
paperweb/editors/tiny_mce3.5/plugins/example/img/example.gif,filename_match
paperweb/editors/tiny_mce3.5/plugins/inlinepopups/skins/clearlooks2/img/,filename_match
paperweb/editors/tiny_mce3.5/plugins/inlinepopups/skins/clearlooks2/img/alert.gif,filename_match
paperweb/editors/tiny_mce3.5/plugins/inlinepopups/skins/clearlooks2/img/button.gif,filename_match
paperweb/editors/tiny_mce3.5/plugins/inlinepopups/skins/clearlooks2/img/buttons.gif,filename_match
paperweb/editors/tiny_mce3.5/plugins/inlinepopups/skins/clearlooks2/img/confirm.gif,filename_match
paperweb/editors/tiny_mce3.5/plugins/inlinepopups/skins/clearlooks2/img/corners.gif,filename_match
paperweb/editors/tiny_mce3.5/plugins/inlinepopups/skins/clearlooks2/img/horizontal.gif,filename_match
paperweb/editors/tiny_mce3.5/plugins/inlinepopups/skins/clearlooks2/img/vertical.gif,filename_match
paperweb/editors/tiny_mce3.5/plugins/insertcode/img/,filename_match
paperweb/editors/tiny_mce3.5/plugins/insertcode/img/code.png,filename_match
paperweb/editors/tiny_mce3.5/plugins/spellchecker/img/,filename_match
paperweb/editors/tiny_mce3.5/plugins/spellchecker/img/wline.gif,filename_match
paperweb/editors/tiny_mce3.5/themes/advanced/img/,filename_match
paperweb/editors/tiny_mce3.5/themes/advanced/img/colorpicker.jpg,filename_match
paperweb/editors/tiny_mce3.5/themes/advanced/img/flash.gif,filename_match
paperweb/editors/tiny_mce3.5/themes/advanced/img/icons.gif,filename_match
paperweb/editors/tiny_mce3.5/themes/advanced/img/iframe.gif,filename_match
paperweb/editors/tiny_mce3.5/themes/advanced/img/pagebreak.gif,filename_match
paperweb/editors/tiny_mce3.5/themes/advanced/img/partlabel.gif,filename_match
paperweb/editors/tiny_mce3.5/themes/advanced/img/partlabel.png,filename_match
paperweb/editors/tiny_mce3.5/themes/advanced/img/partlabel.psd,filename_match
paperweb/editors/tiny_mce3.5/themes/advanced/img/quicktime.gif,filename_match
paperweb/editors/tiny_mce3.5/themes/advanced/img/realmedia.gif,filename_match
paperweb/editors/tiny_mce3.5/themes/advanced/img/shockwave.gif,filename_match
paperweb/editors/tiny_mce3.5/themes/advanced/img/trans.gif,filename_match
paperweb/editors/tiny_mce3.5/themes/advanced/img/video.gif,filename_match
paperweb/editors/tiny_mce3.5/themes/advanced/img/windowsmedia.gif,filename_match
paperweb/editors/tiny_mce3.5/themes/advanced/skins/default/img/,filename_match
paperweb/editors/tiny_mce3.5/themes/advanced/skins/default/img/buttons.png,filename_match
paperweb/editors/tiny_mce3.5/themes/advanced/skins/default/img/items.gif,filename_match
paperweb/editors/tiny_mce3.5/themes/advanced/skins/default/img/menu_arrow.gif,filename_match
paperweb/editors/tiny_mce3.5/themes/advanced/skins/default/img/menu_check.gif,filename_match
paperweb/editors/tiny_mce3.5/themes/advanced/skins/default/img/progress.gif,filename_match
paperweb/editors/tiny_mce3.5/themes/advanced/skins/default/img/tabs.gif,filename_match
paperweb/editors/tiny_mce3.5/themes/advanced/skins/o2k7/img/,filename_match
paperweb/editors/tiny_mce3.5/themes/advanced/skins/o2k7/img/button_bg.png,filename_match
paperweb/editors/tiny_mce3.5/themes/advanced/skins/o2k7/img/button_bg_black.png,filename_match
paperweb/editors/tiny_mce3.5/themes/advanced/skins/o2k7/img/button_bg_silver.png,filename_match
paperweb/editors/tiny_mce3.5/themes/simple/img/,filename_match
paperweb/editors/tiny_mce3.5/themes/simple/img/icons.gif,filename_match
paperweb/editors/tiny_mce3.5/themes/simple/skins/o2k7/img/,filename_match
paperweb/editors/tiny_mce3.5/themes/simple/skins/o2k7/img/button_bg.png,filename_match
paperweb/Comja/addcommentmobile.js,filename_match
paperweb/Comja/addreplymobile.js,filename_match
paperweb/Comja/loginmobile.js,filename_match
paperweb/Comja/mobileSelect.js,filename_match
paperweb/Comja/news_speak_mobile.js,filename_match
paperweb/Comja/showbanmobileasync.js,filename_match
paperweb/Comja/showboxmobile.js,filename_match
paperweb/Comja/showboxmobileasync.js,filename_match
paperweb/Comja/calendarshow.js,filename_match
paperweb/Comja/calendarstart.js,filename_match
paperweb/Content/themes/daily/js/calendarshowblue.js,filename_match
paperweb/Content/themes/daily/js/calendarshowtop.js,filename_match
paperweb/Content/themes/daily/js/calendarstartblue.js,filename_match
paperweb/Content/themes/daily/js/calendarstarttop.js,filename_match
paperweb/Content/themes/lightblue/js/calendarshowblue.js,filename_match
paperweb/Content/themes/lightblue/js/calendarstartblue.js,filename_match
paperweb/Content/themes/red/js/calendarshowblue.js,filename_match
paperweb/Content/themes/red/js/calendarstartblue.js,filename_match
