source,timestamp,original,archive_url,mimetype,digest,reported_length,candidate_score,historical_identity,resource_type,http_ok,resolved_url,content_type,content_length,sha256,width,height,image_format,portrait_ratio,likely_fullpage,fetch_error
qlsn_bare,20150113052956,http://qlsn.com/upload/newsImg/2014-06/60cf3a14-430a-4757-83a1-e51ddd47d7f0.jpg,https://web.archive.org/web/20150113052956id_/http://qlsn.com/upload/newsImg/2014-06/60cf3a14-430a-4757-83a1-e51ddd47d7f0.jpg,image/jpeg,4XID24MFQ5CDDCCAPEYJIWFVADZ4YFQI,1353499,55,requires_context_verification,image,yes,https://web.archive.org/web/20150113052956id_/http://qlsn.com/upload/newsImg/2014-06/60cf3a14-430a-4757-83a1-e51ddd47d7f0.jpg,image/jpeg,1380625,53f242e8ed44399a23b92c1cea40e80038599bfb6eb1fe822b74f1e2c25f8ec1,1872,3328,JPEG,1.778,yes,
qlsn_bare,20150113073857,http://qlsn.com/upload/newsImg/2012-04/311f7b58-7c75-4809-a070-055822990497.jpg,https://web.archive.org/web/20150113073857id_/http://qlsn.com/upload/newsImg/2012-04/311f7b58-7c75-4809-a070-055822990497.jpg,image/jpeg,JLGQIFXKH56BU5YJDP3HEIKXOLO3OCBH,170631,70,requires_context_verification,image,yes,https://web.archive.org/web/20150113073857id_/http://qlsn.com/upload/newsImg/2012-04/311f7b58-7c75-4809-a070-055822990497.jpg,image/jpeg,177340,ccb61416f6c8c816b08ba30d7f94fae34a857800dc22b996fb8512f06fc91e36,640,425,JPEG,0.664,no,
qlsn_bare,20150113081631,http://qlsn.com/upload/newsImg/2012-05/0755afe1-b7f5-43cb-b6ef-fc4920541f82.JPG,https://web.archive.org/web/20150113081631id_/http://qlsn.com/upload/newsImg/2012-05/0755afe1-b7f5-43cb-b6ef-fc4920541f82.JPG,image/jpeg,DMWBP24AUKFVZVFNLJA5KEZIBZ23VYMR,8368237,70,requires_context_verification,image,yes,https://web.archive.org/web/20150113081631id_/http://qlsn.com/upload/newsImg/2012-05/0755afe1-b7f5-43cb-b6ef-fc4920541f82.JPG,image/jpeg,8395271,e0c207da260567540a3345f2df37e1635ae7a2c73c07e33aef1499ce6681cd33,4288,2848,JPEG,0.664,no,
qlsn_bare,20150113004743,http://qlsn.com/upload/newsImg/2014-06/2835eae6-bf24-45a6-9c59-162bbc0a0258.jpg,https://web.archive.org/web/20150113004743id_/http://qlsn.com/upload/newsImg/2014-06/2835eae6-bf24-45a6-9c59-162bbc0a0258.jpg,image/jpeg,HZBW7YRBK3LKQL466MFITIEJITJXXJJC,4775267,70,requires_context_verification,image,yes,https://web.archive.org/web/20150113004743id_/http://qlsn.com/upload/newsImg/2014-06/2835eae6-bf24-45a6-9c59-162bbc0a0258.jpg,image/jpeg,4816160,ce604cb7bd652ca7db93ec2d961788972e3fec5c62ff4692d7fc85e695393dad,4288,2848,JPEG,0.664,no,
qlsn_bare,20150113022854,http://qlsn.com/upload/newsImg/2014-07/1815d6a0-7890-4d12-b28e-4e3194e7f0b3.JPG,https://web.archive.org/web/20150113022854id_/http://qlsn.com/upload/newsImg/2014-07/1815d6a0-7890-4d12-b28e-4e3194e7f0b3.JPG,image/jpeg,FS4RYG6VSKEHODYM3R353ZT2B7B6UB2U,274994,70,requires_context_verification,image,yes,https://web.archive.org/web/20150113022854id_/http://qlsn.com/upload/newsImg/2014-07/1815d6a0-7890-4d12-b28e-4e3194e7f0b3.JPG,image/jpeg,285813,f781a5463d92e7de2e38d0e014646495249961d6a6b9ee9e3e6fc7d921c59953,640,480,JPEG,0.750,no,
qlsn_bare,20150113022250,http://qlsn.com/upload/newsImg/2011-07/1f77fc6b-a614-4b9e-8d73-02a3beefefe5.jpg,https://web.archive.org/web/20150113022250id_/http://qlsn.com/upload/newsImg/2011-07/1f77fc6b-a614-4b9e-8d73-02a3beefefe5.jpg,image/jpeg,JEND7V4NA5HHOIO5B4K2ORT5B7BEBWQL,333168,55,requires_context_verification,image,yes,https://web.archive.org/web/20150113022250id_/http://qlsn.com/upload/newsImg/2011-07/1f77fc6b-a614-4b9e-8d73-02a3beefefe5.jpg,image/jpeg,339682,d2e4a1c9ea1caab9d9ed0128f304a13e4039d5ad662c8f19d5ba514cc87a888a,1024,680,JPEG,0.664,no,
qlsn_bare,20150113041805,http://qlsn.com/upload/newsImg/2012-02/dd7d08a6-eb18-4ee9-8bf2-3369cee9160b.jpg,https://web.archive.org/web/20150113041805id_/http://qlsn.com/upload/newsImg/2012-02/dd7d08a6-eb18-4ee9-8bf2-3369cee9160b.jpg,image/jpeg,LE7YSQMMJFIPUP5MXDTHWX6QQZZPBGHV,216254,55,requires_context_verification,image,yes,https://web.archive.org/web/20150113041805id_/http://qlsn.com/upload/newsImg/2012-02/dd7d08a6-eb18-4ee9-8bf2-3369cee9160b.jpg,image/jpeg,215742,9c964816376acb66f7d57f56852e25bb3b23dd6657c37d1f1d1dd02d66c1ba3c,1024,675,JPEG,0.659,no,
qlsn_bare,20150113061228,http://qlsn.com/upload/newsImg/2012-10/4cf2239e-3334-4452-830e-cd7bdef14eb3.jpg,https://web.archive.org/web/20150113061228id_/http://qlsn.com/upload/newsImg/2012-10/4cf2239e-3334-4452-830e-cd7bdef14eb3.jpg,image/jpeg,ALTMHA6673KIIEUFGWOMVCFOQCKECFHK,2026777,55,requires_context_verification,image,yes,https://web.archive.org/web/20150113061228id_/http://qlsn.com/upload/newsImg/2012-10/4cf2239e-3334-4452-830e-cd7bdef14eb3.jpg,image/jpeg,2037190,d988111de934dff97a2b7177a2b4bdf7cd212f423c357b0e3ba3381914fcc6b7,3215,1638,JPEG,0.509,no,
qlsn_bare,20150113043454,http://qlsn.com/upload/newsImg/2012-10/eaebdfaa-fb2e-4e26-b1e7-1053118036e0.JPG,https://web.archive.org/web/20150113043454id_/http://qlsn.com/upload/newsImg/2012-10/eaebdfaa-fb2e-4e26-b1e7-1053118036e0.JPG,image/jpeg,R4JWRVOUSF4ZJRQUKZGA4IDE7XGLAE2F,150811,55,requires_context_verification,image,yes,https://web.archive.org/web/20150113043454id_/http://qlsn.com/upload/newsImg/2012-10/eaebdfaa-fb2e-4e26-b1e7-1053118036e0.JPG,image/jpeg,152300,470e0d91558121e5d5038141e8861c9ef8fc1492be2ddbbde9beb2eba242a1a2,640,428,JPEG,0.669,no,
qlsn_bare,20150113064338,http://qlsn.com/upload/newsImg/2013-02/7d843504-6fd7-4c77-9bf5-4cb52a68070e.jpg,https://web.archive.org/web/20150113064338id_/http://qlsn.com/upload/newsImg/2013-02/7d843504-6fd7-4c77-9bf5-4cb52a68070e.jpg,image/jpeg,P7BVSRX7BRFU6IX6SXQY4JKV3I2BTFQJ,141905,55,requires_context_verification,image,yes,https://web.archive.org/web/20150113064338id_/http://qlsn.com/upload/newsImg/2013-02/7d843504-6fd7-4c77-9bf5-4cb52a68070e.jpg,image/jpeg,145256,a2f456d8db0ce8e7db1ca7908045c3b602bb1108c00883c878a593d01272aa2b,640,443,JPEG,0.692,no,
qlsn_bare,20150113033011,http://qlsn.com/upload/newsImg/2013-06/cc34180a-527b-4acf-b1ef-8fdb81d6b594.jpg,https://web.archive.org/web/20150113033011id_/http://qlsn.com/upload/newsImg/2013-06/cc34180a-527b-4acf-b1ef-8fdb81d6b594.jpg,image/jpeg,BD6YXP5CXASLROZ36CT2E6TNBNSICZXR,79912,55,requires_context_verification,image,yes,https://web.archive.org/web/20150113033011id_/http://qlsn.com/upload/newsImg/2013-06/cc34180a-527b-4acf-b1ef-8fdb81d6b594.jpg,image/jpeg,93276,95729f9130021ac708e118f8bb73fca8b10039e34eb24489617f602ecce135b6,400,240,JPEG,0.600,no,
qlsn_bare,20150113000030,http://qlsn.com/upload/newsImg/2013-08/f4d0ad76-fe97-4f0e-9faa-e856b69804d3.jpg,https://web.archive.org/web/20150113000030id_/http://qlsn.com/upload/newsImg/2013-08/f4d0ad76-fe97-4f0e-9faa-e856b69804d3.jpg,image/jpeg,UXMRJTJAGCUNBUJM6MI7B2VN5GJ5ATKX,67174,55,requires_context_verification,image,yes,https://web.archive.org/web/20150113000030id_/http://qlsn.com/upload/newsImg/2013-08/f4d0ad76-fe97-4f0e-9faa-e856b69804d3.jpg,image/jpeg,80722,3d8a94c72ee4c3490e98be4232e6ede1b839591b7c99ba258f1bdafa1b663872,209,203,JPEG,0.971,no,
qlsn_bare,20150113071412,http://qlsn.com/upload/newsImg/2013-10/dc5dfb7d-ca17-4e53-8e25-afbc47a9f2e4.jpg,https://web.archive.org/web/20150113071412id_/http://qlsn.com/upload/newsImg/2013-10/dc5dfb7d-ca17-4e53-8e25-afbc47a9f2e4.jpg,image/jpeg,FDTCJ5ZEH3KWYF25LOFX634DNCY6XACD,165375,55,requires_context_verification,image,yes,https://web.archive.org/web/20150113071412id_/http://qlsn.com/upload/newsImg/2013-10/dc5dfb7d-ca17-4e53-8e25-afbc47a9f2e4.jpg,image/jpeg,164907,f298f6421af03a58b5c9f22f287e6a4162a041e5de43f9b8428ab597add8ef48,1141,747,JPEG,0.655,no,
qlsn_bare,20160225015035,http://qlsn.com/upload/newsImg/2013-11/c25252ea-5f09-4236-8eda-fa8b8312bc97.JPG,https://web.archive.org/web/20160225015035id_/http://qlsn.com/upload/newsImg/2013-11/c25252ea-5f09-4236-8eda-fa8b8312bc97.JPG,image/jpeg,HPNXZNJOFL3MSWQRWUYSNRCN7YQHJ6SY,151609,55,requires_context_verification,image,yes,https://web.archive.org/web/20160225015035id_/http://qlsn.com/upload/newsImg/2013-11/c25252ea-5f09-4236-8eda-fa8b8312bc97.JPG,image/jpeg,153021,bf115d95706debb2f7663a689103cfa49f8696e1531569934195301fdfd50c11,640,428,JPEG,0.669,no,
qlsn_bare,20150113074719,http://qlsn.com/upload/newsImg/2014-02/956eab99-058e-4b87-9b0b-8d5275c95a9e.jpg,https://web.archive.org/web/20150113074719id_/http://qlsn.com/upload/newsImg/2014-02/956eab99-058e-4b87-9b0b-8d5275c95a9e.jpg,image/jpeg,XDQDGZ4NIS44EGNV6H3KEHXUWJASZ73I,1299393,55,requires_context_verification,image,yes,https://web.archive.org/web/20150113074719id_/http://qlsn.com/upload/newsImg/2014-02/956eab99-058e-4b87-9b0b-8d5275c95a9e.jpg,image/jpeg,1305280,afbbffeea927fbdfde04f8d87daac7146deb48484d65c5a77674d76bb30d5368,1028,684,JPEG,0.665,no,
qlsn_bare,20150113020106,http://qlsn.com/upload/newsImg/2014-05/eb07d420-b0c5-401f-916c-e32331c373e8.JPG,https://web.archive.org/web/20150113020106id_/http://qlsn.com/upload/newsImg/2014-05/eb07d420-b0c5-401f-916c-e32331c373e8.JPG,image/jpeg,QWDNQ2NLZJMSWY5QZDVU6SMQQKB72XLO,4315484,55,requires_context_verification,image,yes,https://web.archive.org/web/20150113020106id_/http://qlsn.com/upload/newsImg/2014-05/eb07d420-b0c5-401f-916c-e32331c373e8.JPG,image/jpeg,4327273,d3e2211eba133d181a5ccc5f4fa0387d33420c2d80b73eab6dd497698ab2e034,3648,2736,MPO,0.750,no,
qlsn_bare,20150113075610,http://qlsn.com/upload/newsImg/2014-06/c2e536f9-5a5e-472e-a8f0-74007d523a23.jpg,https://web.archive.org/web/20150113075610id_/http://qlsn.com/upload/newsImg/2014-06/c2e536f9-5a5e-472e-a8f0-74007d523a23.jpg,image/jpeg,SQJT3KXOCFS6ZMU5HHLE6C7OPHPL7SCA,111274,55,requires_context_verification,image,yes,https://web.archive.org/web/20150113075610id_/http://qlsn.com/upload/newsImg/2014-06/c2e536f9-5a5e-472e-a8f0-74007d523a23.jpg,image/jpeg,117622,b0bb9c8af8fa1ccdbaf446e2d75bce8b7c212bdd5593b55c5cd800dc09781c09,800,533,JPEG,0.666,no,
qlsn_bare,20150113035004,http://qlsn.com/upload/newsImg/2014-06/d20b8c04-462e-4c0f-bc28-bcaa50b07602.JPG,https://web.archive.org/web/20150113035004id_/http://qlsn.com/upload/newsImg/2014-06/d20b8c04-462e-4c0f-bc28-bcaa50b07602.JPG,image/jpeg,SDUW2S5QCQ4TNXWOQBOKOTSFAL6BEGO4,241584,55,requires_context_verification,image,,,,,,,,,,,URLError: <urlopen error [Errno 111] Connection refused>
qlsn_bare,20150113022530,http://qlsn.com/upload/newsImg/2014-06/f2b1f68e-e6df-437e-8fdd-5b1246cd6bd6.jpg,https://web.archive.org/web/20150113022530id_/http://qlsn.com/upload/newsImg/2014-06/f2b1f68e-e6df-437e-8fdd-5b1246cd6bd6.jpg,image/jpeg,C45ALTNMW4IFGENLWSUEYSIN5BHSQPAM,580628,55,requires_context_verification,image,,,,,,,,,,,URLError: <urlopen error [Errno 111] Connection refused>
qlsn_bare,20150113004759,http://qlsn.com/upload/newsImg/2014-09/34e3109e-3d01-46bf-a28d-86df344e108e.jpg,https://web.archive.org/web/20150113004759id_/http://qlsn.com/upload/newsImg/2014-09/34e3109e-3d01-46bf-a28d-86df344e108e.jpg,image/jpeg,UTMP5MPYLIB7DRFYJSC64ZWQZ64O2XP5,2271667,55,requires_context_verification,image,,,,,,,,,,,URLError: <urlopen error [Errno 111] Connection refused>
qlsn_bare,20150113051138,http://qlsn.com/upload/newsImg/2014-09/36fe1879-364f-446e-a18b-39cbdee27c0a.jpg,https://web.archive.org/web/20150113051138id_/http://qlsn.com/upload/newsImg/2014-09/36fe1879-364f-446e-a18b-39cbdee27c0a.jpg,image/jpeg,KHBRYZ6Q57DRP276M3DZXNRW6AES63G4,21002,55,requires_context_verification,image,,,,,,,,,,,URLError: <urlopen error [Errno 111] Connection refused>
qlsn_bare,20150113015055,http://qlsn.com/upload/newsImg/2014-09/41846f0a-4c34-4e8b-a2c9-e83a155384c0.JPG,https://web.archive.org/web/20150113015055id_/http://qlsn.com/upload/newsImg/2014-09/41846f0a-4c34-4e8b-a2c9-e83a155384c0.JPG,image/jpeg,LDG4T355SPPO4U2ZDC4OK2I6HBYSCHNU,7360506,55,requires_context_verification,image,,,,,,,,,,,URLError: <urlopen error [Errno 111] Connection refused>
qlsn_bare,20150113024403,http://qlsn.com/upload/newsImg/2014-09/6cb9c42d-33be-47b1-b9ca-9d05c65161c2.jpg,https://web.archive.org/web/20150113024403id_/http://qlsn.com/upload/newsImg/2014-09/6cb9c42d-33be-47b1-b9ca-9d05c65161c2.jpg,image/jpeg,SQL4SFQVQUWUUJCFUTG2XAODBQRMUZKZ,482341,55,requires_context_verification,image,,,,,,,,,,,URLError: <urlopen error [Errno 111] Connection refused>
qlsn_bare,20150113064443,http://qlsn.com/upload/newsImg/2014-09/8d798222-1ef4-48ab-b6a9-2fa884574171.JPG,https://web.archive.org/web/20150113064443id_/http://qlsn.com/upload/newsImg/2014-09/8d798222-1ef4-48ab-b6a9-2fa884574171.JPG,image/jpeg,IXILSMVZSAFXSTTOM754XWHDZWULZH6A,5185538,55,requires_context_verification,image,,,,,,,,,,,URLError: <urlopen error [Errno 111] Connection refused>
qlsn_bare,20150113002756,http://qlsn.com/upload/newsImg/2014-09/fdd0786c-82c0-4399-9d31-25fcfb2bc8cc.JPG,https://web.archive.org/web/20150113002756id_/http://qlsn.com/upload/newsImg/2014-09/fdd0786c-82c0-4399-9d31-25fcfb2bc8cc.JPG,image/jpeg,E2JFP75W5OKA6HDSCETFXFSL5WJHGTIZ,2227568,55,requires_context_verification,image,,,,,,,,,,,URLError: <urlopen error [Errno 111] Connection refused>
qlsn_bare,20150113034552,http://qlsn.com/upload/newsImg/2014-11/1eb37ad7-74dd-4468-a86d-0d929e243f25.JPG,https://web.archive.org/web/20150113034552id_/http://qlsn.com/upload/newsImg/2014-11/1eb37ad7-74dd-4468-a86d-0d929e243f25.JPG,image/jpeg,DUOA3NMGJ445Y5F3IU54VBIQWBPUHQR7,130921,55,requires_context_verification,image,,,,,,,,,,,URLError: <urlopen error [Errno 111] Connection refused>
qlsn_bare,20160224193609,http://qlsn.com/upload/newsImg/2014-11/722e1d31-f940-4106-bdb2-f547c60ccaa5.jpg,https://web.archive.org/web/20160224193609id_/http://qlsn.com/upload/newsImg/2014-11/722e1d31-f940-4106-bdb2-f547c60ccaa5.jpg,image/jpeg,VJPBDWFQZMP2CQ6YFU2FDKBK7BFNE4YB,141384,55,requires_context_verification,image,,,,,,,,,,,URLError: <urlopen error [Errno 111] Connection refused>
qlsn_bare,20160225015228,http://qlsn.com/upload/newsImg/2015-02/e03e032f-0445-42ec-ae72-1dc9188b99ed.jpg,https://web.archive.org/web/20160225015228id_/http://qlsn.com/upload/newsImg/2015-02/e03e032f-0445-42ec-ae72-1dc9188b99ed.jpg,image/jpeg,34P7NCVLL45PHWIPTDNKCK7XNQUA2ZKW,69423,55,requires_context_verification,image,,,,,,,,,,,URLError: <urlopen error [Errno 111] Connection refused>
qlsn_bare,20160224141337,http://qlsn.com/upload/newsImg/2015-08/2a0950b3-550f-4d79-b9b4-6efd67ecbcbf.jpg,https://web.archive.org/web/20160224141337id_/http://qlsn.com/upload/newsImg/2015-08/2a0950b3-550f-4d79-b9b4-6efd67ecbcbf.jpg,image/jpeg,TRNRVX5M7DVUXUVEW35ZVIEAO6JUFMM5,153649,55,requires_context_verification,image,,,,,,,,,,,URLError: <urlopen error [Errno 111] Connection refused>
qlsn_bare,20160224194157,http://qlsn.com/upload/newsImg/2015-12/2b64e9de-6320-4c27-bb0f-8c40790eb382.jpg,https://web.archive.org/web/20160224194157id_/http://qlsn.com/upload/newsImg/2015-12/2b64e9de-6320-4c27-bb0f-8c40790eb382.jpg,image/jpeg,57I5ZIG6PBDPRZGSTRLV5C75I7SG7SIO,333128,55,requires_context_verification,image,,,,,,,,,,,URLError: <urlopen error [Errno 111] Connection refused>
qlsn_bare,20160224140545,http://qlsn.com/upload/newsImg/2015-12/48d314b0-196b-4409-9991-9077bbb5b212.png,https://web.archive.org/web/20160224140545id_/http://qlsn.com/upload/newsImg/2015-12/48d314b0-196b-4409-9991-9077bbb5b212.png,image/png,ICVETNZ4JWNQU4QGJE2ZIYG7UZ2BD57W,410064,55,requires_context_verification,image,,,,,,,,,,,URLError: <urlopen error [Errno 111] Connection refused>
qlsn_bare,20160224125146,http://qlsn.com/upload/newsImg/2015-12/6e1ed2d4-f807-444a-b5ec-ba1a8d6f7b77.jpg,https://web.archive.org/web/20160224125146id_/http://qlsn.com/upload/newsImg/2015-12/6e1ed2d4-f807-444a-b5ec-ba1a8d6f7b77.jpg,image/jpeg,WEKHABTPCYZCHCKAH6SGLFDGW4AFVIJP,3274168,55,requires_context_verification,image,,,,,,,,,,,URLError: <urlopen error [Errno 111] Connection refused>
qlsn_bare,20160225034238,http://qlsn.com/upload/newsImg/2015-12/cedc6e85-32d5-4a30-90fa-c5f6c4e07b36.jpg,https://web.archive.org/web/20160225034238id_/http://qlsn.com/upload/newsImg/2015-12/cedc6e85-32d5-4a30-90fa-c5f6c4e07b36.jpg,image/jpeg,BZMEZ3I2ZEMWXOMCWKS3QUGYSTWQ6XDE,717956,55,requires_context_verification,image,,,,,,,,,,,URLError: <urlopen error [Errno 111] Connection refused>
qlsn_bare,20160224140354,http://qlsn.com/upload/newsImg/2015-12/e8715896-99cc-4633-bcf3-06436d826abb.png,https://web.archive.org/web/20160224140354id_/http://qlsn.com/upload/newsImg/2015-12/e8715896-99cc-4633-bcf3-06436d826abb.png,image/png,HRLGIWOBPZNJOKUAXMAE7XPJBDBXCX36,558659,55,requires_context_verification,image,,,,,,,,,,,URLError: <urlopen error [Errno 111] Connection refused>
qlsn_bare,20170829013310,http://www.qlsn.com/sys_upload/newsImg/2014-03/7d320289-8ece-48d1-91a0-76a912faad05.jpg,https://web.archive.org/web/20170829013310id_/http://www.qlsn.com/sys_upload/newsImg/2014-03/7d320289-8ece-48d1-91a0-76a912faad05.jpg,image/jpeg,R33VFUTBKWANHSR5QTXBYDHLATEZN2GY,73760,55,requires_context_verification,image,,,,,,,,,,,URLError: <urlopen error [Errno 111] Connection refused>
qlsn_bare,20160220094023,http://www.qlsn.com/sys_upload/newsImg/2015-01/55eb4273-5e9e-4477-91c9-c6104c500cc3.jpg,https://web.archive.org/web/20160220094023id_/http://www.qlsn.com/sys_upload/newsImg/2015-01/55eb4273-5e9e-4477-91c9-c6104c500cc3.jpg,image/jpeg,F3A2N3RJFYYPRRXSUGUYYNM46G5MO7DH,168463,55,requires_context_verification,image,,,,,,,,,,,URLError: <urlopen error [Errno 111] Connection refused>
qlsn_bare,20171226182035,http://www.qlsn.com/sys_upload/newsImg/2015-01/71ceadb9-ab1e-4eb1-b69b-51e74fb804d4.jpg,https://web.archive.org/web/20171226182035id_/http://www.qlsn.com/sys_upload/newsImg/2015-01/71ceadb9-ab1e-4eb1-b69b-51e74fb804d4.jpg,image/jpeg,DCIJ3YCTUWWDMZCFJDTPUXCV5OHDEENZ,195044,55,requires_context_verification,image,,,,,,,,,,,URLError: <urlopen error [Errno 111] Connection refused>
qlsn_bare,20170823140916,http://www.qlsn.com/sys_upload/newsImg/2015-05/7437e4d0-4352-4f8f-8afe-ef47637b6321.jpg,https://web.archive.org/web/20170823140916id_/http://www.qlsn.com/sys_upload/newsImg/2015-05/7437e4d0-4352-4f8f-8afe-ef47637b6321.jpg,image/jpeg,XZSVFJNBM2JED3A34I3OKAWQEPNRBLED,108764,55,requires_context_verification,image,,,,,,,,,,,URLError: <urlopen error [Errno 111] Connection refused>
qlsn_bare,20170822232259,http://www.qlsn.com/sys_upload/newsImg/2016-11/0bdf8b31-fef1-4365-9084-ff0f525448d0.jpg,https://web.archive.org/web/20170822232259id_/http://www.qlsn.com/sys_upload/newsImg/2016-11/0bdf8b31-fef1-4365-9084-ff0f525448d0.jpg,image/jpeg,JRI43MIGTLIYZF6UVYGGELTSVSWEISRV,511999,55,requires_context_verification,image,,,,,,,,,,,URLError: <urlopen error [Errno 111] Connection refused>
qlsn_bare,20041016065636,http://www.qlsn.com:80/banner_colorbird.gif,https://web.archive.org/web/20041016065636id_/http://www.qlsn.com:80/banner_colorbird.gif,image/gif,KHZWRTYRF3KRUGCFLGXO3HXBU4Z5CXD2,12432,55,verified_old_site,image,,,,,,,,,,,URLError: <urlopen error [Errno 111] Connection refused>
qlsn_bare,20160701022446,http://qlsn.com/upload/kind/20130924172239_0937.jpg,https://web.archive.org/web/20160701022446id_/http://qlsn.com/upload/kind/20130924172239_0937.jpg,image/jpeg,NS4PPDUX7GKJ3OPXZXHM74QNORNLH4BH,391818,35,requires_context_verification,image,,,,,,,,,,,URLError: <urlopen error [Errno 111] Connection refused>
qlsn_bare,20160701000848,http://qlsn.com/upload/kind/20140718115553_7343.jpg,https://web.archive.org/web/20160701000848id_/http://qlsn.com/upload/kind/20140718115553_7343.jpg,image/jpeg,MZZOGOEXNO6BECRUQYXKOCBGS5J7D4OK,145207,35,requires_context_verification,image,,,,,,,,,,,URLError: <urlopen error [Errno 111] Connection refused>
qlsn_bare,20150113005136,http://qlsn.com/upload/link/2011315155119953.jpg,https://web.archive.org/web/20150113005136id_/http://qlsn.com/upload/link/2011315155119953.jpg,image/jpeg,EQHRT6HURX7WVGI43CKUHUTZJM6UT4WZ,26416,20,requires_context_verification,image,,,,,,,,,,,URLError: <urlopen error [Errno 111] Connection refused>
qlsn_bare,20150113024344,http://qlsn.com/upload/link/2011315155436156.gif,https://web.archive.org/web/20150113024344id_/http://qlsn.com/upload/link/2011315155436156.gif,image/gif,X3Y3CCP3AVA6CGN63J7F6FI3CKVY22HG,9905,20,requires_context_verification,image,,,,,,,,,,,URLError: <urlopen error [Errno 111] Connection refused>
qlsn_bare,20150113061224,http://qlsn.com/upload/link/2011420102717359.gif,https://web.archive.org/web/20150113061224id_/http://qlsn.com/upload/link/2011420102717359.gif,image/gif,QINJTE3S65RAG554VUQVPZKUVJAA7GWH,7118,20,requires_context_verification,image,,,,,,,,,,,URLError: <urlopen error [Errno 111] Connection refused>
qlsn_bare,20150113070246,http://qlsn.com/upload/link/201142113749833.gif,https://web.archive.org/web/20150113070246id_/http://qlsn.com/upload/link/201142113749833.gif,image/gif,XQ6LZO5VP6BXO2L4PFP3AHYBBDUNSB4A,5091,20,requires_context_verification,image,,,,,,,,,,,URLError: <urlopen error [Errno 111] Connection refused>
qlsn_bare,20150113072322,http://qlsn.com/upload/link/201142134749926.jpg,https://web.archive.org/web/20150113072322id_/http://qlsn.com/upload/link/201142134749926.jpg,image/jpeg,TDGGGYZ5FNC7SWRFMTSJDA54LGSRFXK4,8131,20,requires_context_verification,image,,,,,,,,,,,URLError: <urlopen error [Errno 111] Connection refused>
qlsn_bare,20150113015413,http://qlsn.com/upload/link/201147143026850.jpg,https://web.archive.org/web/20150113015413id_/http://qlsn.com/upload/link/201147143026850.jpg,image/jpeg,WCMNT7Z5R7J25EJ4ZZGSCY4BOAGTCBCB,1967,20,requires_context_verification,image,,,,,,,,,,,URLError: <urlopen error [Errno 111] Connection refused>
qlsn_bare,20150113071436,http://qlsn.com/upload/link/201147144052506.jpg,https://web.archive.org/web/20150113071436id_/http://qlsn.com/upload/link/201147144052506.jpg,image/jpeg,5VS3DH36I6IOONFKD74L3LR6N7HAGWU6,12150,20,requires_context_verification,image,,,,,,,,,,,URLError: <urlopen error [Errno 111] Connection refused>
qlsn_bare,20150113083356,http://qlsn.com/upload/video/95b0f122-b976-4c2c-ac80-f4671a55ecf4.jpg,https://web.archive.org/web/20150113083356id_/http://qlsn.com/upload/video/95b0f122-b976-4c2c-ac80-f4671a55ecf4.jpg,image/jpeg,ENAZJDW5P7FFTWKN4RYW5T5I44JZE2EM,125710,20,requires_context_verification,image,,,,,,,,,,,URLError: <urlopen error [Errno 111] Connection refused>
qlsn_bare,20150113001455,http://qlsn.com/webs/images/ad1.jpg,https://web.archive.org/web/20150113001455id_/http://qlsn.com/webs/images/ad1.jpg,image/jpeg,QO5H27VLJAOCUAJWTXKEV3VDLRAZPFAH,15245,20,requires_context_verification,image,,,,,,,,,,,URLError: <urlopen error [Errno 111] Connection refused>
qlsn_bare,20150113071631,http://qlsn.com/webs/images/ad2.jpg,https://web.archive.org/web/20150113071631id_/http://qlsn.com/webs/images/ad2.jpg,image/jpeg,BF6XSKWRUQPFVYBCORPDT7AOJJI2DTH2,25695,20,requires_context_verification,image,,,,,,,,,,,URLError: <urlopen error [Errno 111] Connection refused>
qlsn_bare,20160225022937,http://qlsn.com/webs/images/cz.jpg,https://web.archive.org/web/20160225022937id_/http://qlsn.com/webs/images/cz.jpg,image/jpeg,SYWHG2UOPHNNXEPENVLWUHL6CWZ4GB7U,7474,20,requires_context_verification,image,,,,,,,,,,,URLError: <urlopen error [Errno 111] Connection refused>
qlsn_bare,20160225032839,http://qlsn.com/webs/images/dl.jpg,https://web.archive.org/web/20160225032839id_/http://qlsn.com/webs/images/dl.jpg,image/jpeg,67P2TQSUOOOJB7SI46ITXQDDHR6NCFPM,7478,20,requires_context_verification,image,,,,,,,,,,,URLError: <urlopen error [Errno 111] Connection refused>
qlsn_bare,20160224200953,http://qlsn.com/webs/images/new1.gif,https://web.archive.org/web/20160224200953id_/http://qlsn.com/webs/images/new1.gif,image/gif,NRCNC7UHTCAKVXV5WSSG53KRV2UG6XIB,1522,20,requires_context_verification,image,,,,,,,,,,,URLError: <urlopen error [Errno 111] Connection refused>
qlsn_bare,20150113001346,http://qlsn.com/webs/images/sousou.jpg,https://web.archive.org/web/20150113001346id_/http://qlsn.com/webs/images/sousou.jpg,image/jpeg,G4LCPOWDICHZIOOSY7MUAQYTJL4Q32UJ,8165,20,requires_context_verification,image,,,,,,,,,,,URLError: <urlopen error [Errno 111] Connection refused>
dzwww,20041205112544,http://www.dzwww.com:80/qilushaonian/images/qilushaonian.gif,https://web.archive.org/web/20041205112544id_/http://www.dzwww.com:80/qilushaonian/images/qilushaonian.gif,image/gif,CBUHW2ZRJBI7ELB3B75TSXS6AAAFLJOD,13057,20,,image,,,,,,,,,,,URLError: <urlopen error [Errno 111] Connection refused>
qlsn_bare,20240418085519,http://www.qlsn.com/images/psj.jpg,https://web.archive.org/web/20240418085519id_/http://www.qlsn.com/images/psj.jpg,text/html,WPPTRIYIYB377YWN4JNUDUTELGBMWOYX,2830,20,requires_context_verification,image,,,,,,,,,,,URLError: <urlopen error [Errno 111] Connection refused>
qlsn_bare,20160826060552,http://www.qlsn.com/picture/714-1.jpg,https://web.archive.org/web/20160826060552id_/http://www.qlsn.com/picture/714-1.jpg,image/jpeg,REOR5WZOBHWLOOE6EISMHC4Q2JPNPAPS,174842,20,requires_context_verification,image,,,,,,,,,,,URLError: <urlopen error [Errno 111] Connection refused>
qlsn_bare,20041016024921,http://www.qlsn.com:80/111.jpg,https://web.archive.org/web/20041016024921id_/http://www.qlsn.com:80/111.jpg,image/jpeg,D6MQE6S3CVWCY35YFY6FX56TC45OVQMN,17146,20,verified_old_site,image,,,,,,,,,,,URLError: <urlopen error [Errno 111] Connection refused>
qlsn_bare,20061228232825,http://www.qlsn.com:80/bbs/DV_getcode.asp,https://web.archive.org/web/20061228232825id_/http://www.qlsn.com:80/bbs/DV_getcode.asp,image/bmp,47PWZPSVCCJZ4MTEV5IFITIK5VDCBTUR,1428,20,verified_old_site,image,,,,,,,,,,,URLError: <urlopen error [Errno 111] Connection refused>
qlsn_bare,20061215123518,http://www.qlsn.com:80/bbs/boke/Images/boke_logo.gif,https://web.archive.org/web/20061215123518id_/http://www.qlsn.com:80/bbs/boke/Images/boke_logo.gif,image/gif,USMBPCW7CEO6X5QEELBBDAS2UTXBUQIH,2580,20,verified_old_site,image,,,,,,,,,,,URLError: <urlopen error [Errno 111] Connection refused>
qlsn_bare,20061215124107,http://www.qlsn.com:80/bbs/boke/images/favicon.ico,https://web.archive.org/web/20061215124107id_/http://www.qlsn.com:80/bbs/boke/images/favicon.ico,image/x-icon,OL7UHV2LC3UEQANA2MRBKTGMZMSVOL3Q,1028,20,verified_old_site,image,,,,,,,,,,,URLError: <urlopen error [Errno 111] Connection refused>
qlsn_bare,20041016082242,http://www.qlsn.com:80/images/0090m.jpg,https://web.archive.org/web/20041016082242id_/http://www.qlsn.com:80/images/0090m.jpg,image/jpeg,CVWVWKGYGXPCUXYNSOKDMBIHKVCO4HD4,6938,20,verified_old_site,image,,,,,,,,,,,URLError: <urlopen error [Errno 111] Connection refused>
qlsn_bare,20041016085608,http://www.qlsn.com:80/images/2001-2-39.gif,https://web.archive.org/web/20041016085608id_/http://www.qlsn.com:80/images/2001-2-39.gif,image/gif,GK4FNPY4JQPKB7UQ7EY7JYPFVDZHCAMR,368,20,verified_old_site,image,,,,,,,,,,,URLError: <urlopen error [Errno 111] Connection refused>
qlsn_bare,20060829011907,http://www.qlsn.com:80/images/7jz.gif,https://web.archive.org/web/20060829011907id_/http://www.qlsn.com:80/images/7jz.gif,image/gif,55JM2H6AN5IBQTWVTUPLNGCJFAH75567,16202,20,verified_old_site,image,,,,,,,,,,,URLError: <urlopen error [Errno 111] Connection refused>
qlsn_bare,20041016090407,http://www.qlsn.com:80/images/arrow01.gif,https://web.archive.org/web/20041016090407id_/http://www.qlsn.com:80/images/arrow01.gif,image/gif,CJWN62MGHSL3IUY4OVJJFIFP7MHLKXYB,403,20,verified_old_site,image,,,,,,,,,,,URLError: <urlopen error [Errno 111] Connection refused>
qlsn_bare,20041016100308,http://www.qlsn.com:80/images/arrow02.gif,https://web.archive.org/web/20041016100308id_/http://www.qlsn.com:80/images/arrow02.gif,image/gif,RTMDXBZ2M26ZGYFXUSRR5IAK3CHR5DNP,401,20,verified_old_site,image,,,,,,,,,,,URLError: <urlopen error [Errno 111] Connection refused>
qlsn_bare,20050320074404,http://www.qlsn.com:80/images/goeway.jpg,https://web.archive.org/web/20050320074404id_/http://www.qlsn.com:80/images/goeway.jpg,image/jpeg,GDLKV7WAWSJGXYCHSNG7BCZZKZPDJ3CX,11835,20,verified_old_site,image,,,,,,,,,,,URLError: <urlopen error [Errno 111] Connection refused>
qlsn_bare,20041016202124,http://www.qlsn.com:80/images/ludong.jpg,https://web.archive.org/web/20041016202124id_/http://www.qlsn.com:80/images/ludong.jpg,image/jpeg,7ZR5NZV54JPPHTCGGNSNUH6N64V3FFBN,5722,20,verified_old_site,image,,,,,,,,,,,URLError: <urlopen error [Errno 111] Connection refused>
qlsn_bare,20041016205527,http://www.qlsn.com:80/images/more01.gif,https://web.archive.org/web/20041016205527id_/http://www.qlsn.com:80/images/more01.gif,image/gif,GVXIUXSOHDHORH5NTTWTCE375JSE6QTX,371,20,verified_old_site,image,,,,,,,,,,,URLError: <urlopen error [Errno 111] Connection refused>
qlsn_bare,20041016211903,http://www.qlsn.com:80/images/more3.gif,https://web.archive.org/web/20041016211903id_/http://www.qlsn.com:80/images/more3.gif,image/gif,GPVB76V3KZBLPT3KYSCFNWK65OIAET2O,1068,20,verified_old_site,image,,,,,,,,,,,URLError: <urlopen error [Errno 111] Connection refused>
qlsn_bare,20041016214332,http://www.qlsn.com:80/images/niux-f.gif,https://web.archive.org/web/20041016214332id_/http://www.qlsn.com:80/images/niux-f.gif,image/gif,OZEC75AUP7NYDIQ4NQOENNTY6EG4GXSR,1051,20,verified_old_site,image,,,,,,,,,,,URLError: <urlopen error [Errno 111] Connection refused>
qlsn_bare,20041016220537,http://www.qlsn.com:80/images/niux-home.gif,https://web.archive.org/web/20041016220537id_/http://www.qlsn.com:80/images/niux-home.gif,image/gif,PLNCQVZZ4DVXBOGYBKYMF7MPWPKTDLOM,1470,20,verified_old_site,image,,,,,,,,,,,URLError: <urlopen error [Errno 111] Connection refused>
qlsn_bare,20041016222440,http://www.qlsn.com:80/images/niux-mail.gif,https://web.archive.org/web/20041016222440id_/http://www.qlsn.com:80/images/niux-mail.gif,image/gif,XGGJ7QAVCME3R2AHV56MLTMPR5RVPZP4,1057,20,verified_old_site,image,,,,,,,,,,,URLError: <urlopen error [Errno 111] Connection refused>
qlsn_bare,20041015195745,http://www.qlsn.com:80/images/pbc.jpg,https://web.archive.org/web/20041015195745id_/http://www.qlsn.com:80/images/pbc.jpg,image/jpeg,H75JO5DJR2DV6BNQMCG4LERORZRZVWX5,4102,20,verified_old_site,image,,,,,,,,,,,URLError: <urlopen error [Errno 111] Connection refused>
qlsn_bare,20041015211033,http://www.qlsn.com:80/images/pjx.jpg,https://web.archive.org/web/20041015211033id_/http://www.qlsn.com:80/images/pjx.jpg,image/jpeg,QZTMPN6PEL4B4236NMIVKDPSBYZ6X3RS,4108,20,verified_old_site,image,,,,,,,,,,,URLError: <urlopen error [Errno 111] Connection refused>
qlsn_bare,20041016025022,http://www.qlsn.com:80/images/psc.jpg,https://web.archive.org/web/20041016025022id_/http://www.qlsn.com:80/images/psc.jpg,image/jpeg,6O3EORLB7PHWYB3DKBGKL6IYESTOPBU7,4436,20,verified_old_site,image,,,,,,,,,,,URLError: <urlopen error [Errno 111] Connection refused>
qlsn_bare,20041016080458,http://www.qlsn.com:80/images/pys.jpg,https://web.archive.org/web/20041016080458id_/http://www.qlsn.com:80/images/pys.jpg,image/jpeg,MWXWHQTAS3EEHEIGQORS5AWCNIMKS2UM,4275,20,verified_old_site,image,,,,,,,,,,,URLError: <urlopen error [Errno 111] Connection refused>
qlsn_bare,20041016085800,http://www.qlsn.com:80/images/ra.gif,https://web.archive.org/web/20041016085800id_/http://www.qlsn.com:80/images/ra.gif,image/gif,4BADJNONZSS76CA7NA7TNVRELJURCP2B,328,20,verified_old_site,image,,,,,,,,,,,URLError: <urlopen error [Errno 111] Connection refused>
qlsn_bare,20050320070727,http://www.qlsn.com:80/images/xlgzs.gif,https://web.archive.org/web/20050320070727id_/http://www.qlsn.com:80/images/xlgzs.gif,image/gif,4AWCZY4PEORCD6ZSSMVUOWCYLIUEY57A,4404,20,verified_old_site,image,,,,,,,,,,,URLError: <urlopen error [Errno 111] Connection refused>
qlsn_bare,20041016095004,http://www.qlsn.com:80/tu/20047259.gif,https://web.archive.org/web/20041016095004id_/http://www.qlsn.com:80/tu/20047259.gif,image/gif,RVGW4IG3ROWAN4RAQXHNIUO3UJFX2NRU,6038,20,verified_old_site,image,,,,,,,,,,,URLError: <urlopen error [Errno 111] Connection refused>
qlsn_bare,20041016103719,http://www.qlsn.com:80/tu/zhongqiu.gif,https://web.archive.org/web/20041016103719id_/http://www.qlsn.com:80/tu/zhongqiu.gif,image/gif,P7HHXX7ZGUTSXFBGAGTHRKQFJE3F2N7T,55707,20,verified_old_site,image,,,,,,,,,,,URLError: <urlopen error [Errno 111] Connection refused>
qlsn_bare,20041016203542,http://www.qlsn.com:80/tu/zhongqiu.jpg,https://web.archive.org/web/20041016203542id_/http://www.qlsn.com:80/tu/zhongqiu.jpg,image/jpeg,YNMVYJOK4QQXIBXHQYOFBAIHZ5M22YVA,29800,20,verified_old_site,image,,,,,,,,,,,URLError: <urlopen error [Errno 111] Connection refused>
qlsn_bare,20041016211925,http://www.qlsn.com:80/tu/zhongqiw.jpg,https://web.archive.org/web/20041016211925id_/http://www.qlsn.com:80/tu/zhongqiw.jpg,image/jpeg,GH4J7LQA7MTAMJLNTJSHQIROZ4XNLOLN,26623,20,verified_old_site,image,,,,,,,,,,,URLError: <urlopen error [Errno 111] Connection refused>
qlsn_bare,20041016212703,http://www.qlsn.com:80/tu/zhongqix.jpg,https://web.archive.org/web/20041016212703id_/http://www.qlsn.com:80/tu/zhongqix.jpg,image/jpeg,3CYXNMG33ZTO5VJOLW7J2SPOT65G2UJ4,38766,20,verified_old_site,image,,,,,,,,,,,URLError: <urlopen error [Errno 111] Connection refused>
qlsn_bare,20041016214946,http://www.qlsn.com:80/tu/zhongqiy.jpg,https://web.archive.org/web/20041016214946id_/http://www.qlsn.com:80/tu/zhongqiy.jpg,image/jpeg,SWGHLNLY6JNCXQ6Y623A43M6RDTG6ZS7,22461,20,verified_old_site,image,,,,,,,,,,,URLError: <urlopen error [Errno 111] Connection refused>
qlsn_bare,20041016221034,http://www.qlsn.com:80/tu/zhongqiz.jpg,https://web.archive.org/web/20041016221034id_/http://www.qlsn.com:80/tu/zhongqiz.jpg,image/jpeg,DVQJLAFC5FPSJY3JMKODRL2663HL4F5O,29720,20,verified_old_site,image,,,,,,,,,,,URLError: <urlopen error [Errno 111] Connection refused>
